CONNECTED_ORG_NM,pac_count,active_pac_count,has_any_pac_donated,total_pac_amount,has_pac,has_pac_donations
1ST SOURCE CORPORATION,1,0,False,0.0,True,False
"21ST CENTURY ONCOLOGY, INC",1,0,False,0.0,True,False
3M COMPANY,1,1,True,63250.0,True,True
A. O. SMITH CORPORATION,1,1,True,3000.0,True,True
"AARON'S, INC.",1,0,False,0.0,True,False
ABBVIE,1,1,True,22549.87,True,True
"ABIOMED, INC.",1,0,False,0.0,True,False
ACXIOM LLC,1,0,False,0.0,True,False
AECOM,1,1,True,6700.0,True,True
AEROJET ROCKETDYNE INC.,1,0,False,0.0,True,False
AFFINITY FEDERAL CREDIT UNION,1,0,False,0.0,True,False
AFLAC,1,1,True,93000.0,True,True
"AHOLD DELHAIZE USA, INC.",1,0,False,0.0,True,False
"AIR PRODUCTS AND CHEMICALS, INC.",1,1,True,30000.0,True,True
AK STEEL CORPORATION,1,0,False,0.0,True,False
AKERMAN LLP,1,0,False,0.0,True,False
ALABAMA FARMERS FEDERATION *,1,0,False,0.0,True,False
ALABAMA POWER COMPANY,1,0,False,0.0,True,False
ALCOA CORPORATION,1,1,True,4000.0,True,True
"ALEX LEE, INC.",1,0,False,0.0,True,False
"ALEXANDER & BALDWIN, INC. (A HAWAII CORPORATION INCORPORATED ON MARCH 19, 2012)",1,1,True,27048.0,True,True
"ALEXION PHARMACEUTICALS, INC.",1,0,False,0.0,True,False
ALKERMES INC.,1,0,False,0.0,True,False
"ALLETE, INC.",1,0,False,0.0,True,False
ALLIANT ENERGY CORPORATION,1,1,True,61931.39,True,True
ALLSTATE INSURANCE COMPANY,1,1,True,68050.0,True,True
ALLY FINANCIAL INC.,1,1,True,741029.19,True,True
ALTICE USA,1,0,False,0.0,True,False
"ALTICOR, INC",1,0,False,0.0,True,False
ALTRIA GROUP INC.,1,1,True,160803.81,True,True
AM GENERAL LLC,1,0,False,0.0,True,False
AMALGAMATED BANK,1,1,True,163788.15,True,True
AMEDISYS INC.,1,0,False,0.0,True,False
AMEREN CORPORATION,1,0,False,0.0,True,False
AMERICAN AIR LIQUIDE HOLDINGS INC,1,0,False,0.0,True,False
AMERICAN AIRLINES INC.,1,1,True,346849.2,True,True
AMERICAN COMMERCIAL BARGE LINE LLC,1,0,False,0.0,True,False
AMERICAN ELECTRIC POWER,1,1,True,1000.0,True,True
AMERICAN EXPRESS COMPANY,1,1,True,538011.11,True,True
"AMERICAN FAMILY MUTUAL INSURANCE COMPANY, S.I.",1,0,False,0.0,True,False
AMERICAN FIDELITY CORPORATION,1,0,False,0.0,True,False
AMERICAN INCOME LIFE INSURANCE COMPANY,1,0,False,0.0,True,False
"AMERICAN MULTI-CINEMA, INC.",1,1,True,20000.0,True,True
AMERICAN PEANUT SHELLERS ASSOCIATION,1,1,True,11550.0,True,True
AMERICAN PUBLIC POWER ASSOCIATION,1,0,False,0.0,True,False
"AMERICAN ROLL-ON ROLL-OFF CARRIER GROUP, INC.",1,0,False,0.0,True,False
"AMERICAN WATER WORKS COMPANY, INC.",1,1,True,11864.82,True,True
AMERIPRISE FINANCIAL INC.,1,1,True,235307.85,True,True
AMERISOURCEBERGEN CORPORATION,1,0,False,0.0,True,False
AMGEN INC.,1,1,True,384745.09,True,True
AMICA MUTUAL INSURANCE COMPANY,1,0,False,0.0,True,False
AMSTED INDUSTRIES INCORPORATED,1,0,False,0.0,True,False
ANALYTICAL GRAPHICS INC,1,0,False,0.0,True,False
ANESTHESIA SERVICE MEDICAL GROUP ADVOCACY FUND,1,0,False,0.0,True,False
ANHEUSER-BUSCH COMPANIES INC.,1,0,False,0.0,True,False
"ANTHEM, INC.",1,0,False,0.0,True,False
AON CORPORATION,1,1,True,6500.0,True,True
APACHE CORPORATION,1,0,False,0.0,True,False
"APPLIED MATERIALS, INC.",1,1,True,26500.0,True,True
APTIM CORP.,1,0,False,0.0,True,False
"AQUA AMERICA, INC.",1,0,False,0.0,True,False
ARCADIS U.S. INC.,1,0,False,0.0,True,False
ARCBEST CORPORATION,1,1,True,3441.0,True,True
ARCELORMITTAL SALES AND ADMINISTRATION LLC,1,1,True,1110.0,True,True
ARCH CAPITAL GROUP (US) INC.,1,1,True,23699.84,True,True
"ARCH RESOURCES, INC.",1,0,False,0.0,True,False
ARCONIC CORPORATION,1,0,False,0.0,True,False
ARDENT LEGACY HOLDINGS LLC,2,0,False,0.0,True,False
ARKEMA INC,1,0,False,0.0,True,False
"ARVEST BANK GROUP, INC.",1,0,False,0.0,True,False
ASHLAND LLC,1,0,False,0.0,True,False
ASSURANT INC.,1,1,True,42000.0,True,True
ASTELLAS US LLC,1,0,False,0.0,True,False
ASURION LLC,1,0,False,0.0,True,False
AT&T INC.,2,0,False,0.0,True,False
"ATKINS US HOLDINGS, INC",1,0,False,0.0,True,False
"ATLAS AIR WORLDWIDE HOLDINGS, INC.",1,0,False,0.0,True,False
ATMOS ENERGY CORPORATION,1,1,True,117256.26,True,True
"ATTORNEYS' TITLE GUARANTY FUND, INC.",1,0,False,0.0,True,False
"AUTOZONE, INC",1,1,True,90178.92,True,True
AVANGRID,1,0,False,0.0,True,False
"AVIS BUDGET GROUP, INC.",1,1,True,35623.68,True,True
AVISTA EMPLOYEES FOR EFFECTIVE GOVERNMENT,1,0,False,0.0,True,False
AZOA SERVICES CORPORATION,1,0,False,0.0,True,False
"BABCOCK & WILCOX ENTERPRISES, INC.",1,0,False,0.0,True,False
BALL CORPORATION,1,1,True,896752.35,True,True
BANCORPSOUTH BANK,1,0,False,0.0,True,False
BANK OF AMERICA CORPORATION,2,2,True,102140.0,True,True
BANK OF HAWAII,1,1,True,2000.0,True,True
BARCLAYS GROUP US INC.,1,0,False,0.0,True,False
BASF CORPORATION,1,0,False,0.0,True,False
BAYER U.S. LLC,1,0,False,0.0,True,False
BEALL'S INC.,1,0,False,0.0,True,False
BEAM SUNTORY INC,1,0,False,0.0,True,False
BECHTEL,1,0,False,0.0,True,False
"BENTLEY SYSTEMS, INCORPORATED",1,1,True,88741.0,True,True
BERKSHIRE HATHAWAY ENERGY COMPANY,1,1,True,150918.77,True,True
"BEST BUY CO., INC.",1,1,True,290842.06,True,True
"BHFS-E, PC",1,0,False,0.0,True,False
"BIOGEN, INC.",1,1,True,84500.0,True,True
BIOMARIN PHARMACEUTICAL INC.,1,1,True,4750.0,True,True
BLACK & VEATCH,1,0,False,0.0,True,False
"BLACK KNIGHT LENDING SOLUTIONS, INC.",1,0,False,0.0,True,False
BLESSEY MARINE SERVICE INC,1,0,False,0.0,True,False
"BLOOMIN' BRANDS, INC",1,1,True,64500.0,True,True
BMO FINANCIAL CORP,1,0,False,0.0,True,False
BNSF RAILWAY COMPANY,1,1,True,8749.36,True,True
BNSF RAILWAY COMPANY RAILPAC (BNSF RAILPAC),1,0,False,0.0,True,False
BOEHRINGER INGELHEIM USA CORPORATION,1,0,False,0.0,True,False
BOK FINANCIAL CORP.,1,0,False,0.0,True,False
BOMBARDIER TRANSPORTATION (GLOBAL) USA,1,0,False,0.0,True,False
BOSTON SCIENTIFIC CORPORATION,1,1,True,173726.23,True,True
BOYD GAMING CORPORATION,1,1,True,40312.5,True,True
BP CORPORATION NORTH AMERICA INC,1,0,False,0.0,True,False
BRIDGESTONE AMERICAS INC.,1,0,False,0.0,True,False
BRISTOL-MYERS SQUIBB COMPANY,1,0,False,0.0,True,False
BROOKDALE SENIOR LIVING INC.,1,1,True,1000.0,True,True
BROOKFIELD PROPERTIES RETAIL INC.,1,0,False,0.0,True,False
BROWN-FORMAN CORPORATION,1,1,True,168660.0,True,True
BRUNSWICK CORPORATION,1,0,False,0.0,True,False
BUCHANAN INGERSOLL & ROONEY PC,1,0,False,0.0,True,False
"BUNGE NORTH AMERICA, INC.",1,1,True,98502.26,True,True
"BURNS & MCDONNELL, INC.",1,0,False,0.0,True,False
BUZZI UNICEM USA INC.,1,0,False,0.0,True,False
"BWX TECHNOLOGIES, INC",1,1,True,347916.7,True,True
"CADENCE BANK, N.A.",1,1,True,216663.57,True,True
"CAESARS ENTERTAINMENT, INC.",1,0,False,0.0,True,False
CALGON CARBON CORPORATION,1,1,True,4000.0,True,True
CALIFORNIA COAST CREDIT UNION,1,0,False,0.0,True,False
CALPINE CORPORATION,1,0,False,0.0,True,False
CALPORTLAND COMPANY,1,0,False,0.0,True,False
CAMBIA HEALTH SOLUTIONS INC.,1,1,True,13354.99,True,True
CAPITAL ONE FINANCIAL CORP.,1,1,True,2860943.24,True,True
CARDINAL HEALTH INC.,1,0,False,0.0,True,False
CAREER EDUCATION CORPORATION,1,0,False,0.0,True,False
CAREFIRST BLUE CROSS BLUESHIELD,1,0,False,0.0,True,False
CATERPILLAR INC.,1,1,True,281411.99,True,True
"CBOE GLOBAL MARKETS, INC.",1,1,True,512857.62,True,True
CELANESE CORPORATION,1,1,True,15000.0,True,True
CELGENE CORPORATION,1,0,False,0.0,True,False
CENTENE CORPORATION,1,1,True,405560.29,True,True
"CENTERPOINT ENERGY, INC.",1,1,True,11730.21,True,True
CENTRUS ENERGY CORP.,1,0,False,0.0,True,False
CENTURYLINK INC.,1,0,False,0.0,True,False
CERNER CORPORATION,1,0,False,0.0,True,False
CHARLES SCHWAB CORPORATION,1,1,True,732637.54,True,True
CHARTER COMMUNICATIONS INC.,1,1,True,758177.0,True,True
CHENIERE ENERGY INC.,1,1,True,155538.65,True,True
CHESAPEAKE ENERGY CORPORATION,1,0,False,0.0,True,False
"CHS/COMMUNITY HEALTH SYSTEMS, INC.",1,0,False,0.0,True,False
CHUBB GROUP HOLDINGS INC.,1,1,True,320152.85,True,True
CHUGACH ALASKA CORPORATION,1,0,False,0.0,True,False
CIGNA CORPORATION,1,0,False,0.0,True,False
CINCINNATI BELL INC,1,0,False,0.0,True,False
CINTAS CORPORATION,1,1,True,36910.04,True,True
"CISCO SYSTEMS, INC.",1,1,True,7000.0,True,True
CIT GROUP INC.,1,0,False,0.0,True,False
CITIGROUP INC.,2,1,True,92000.0,True,True
"CITIZENS FINANCIAL GROUP, INC.",1,0,False,0.0,True,False
"CLEAR CHANNEL OUTDOOR, LLC.",1,0,False,0.0,True,False
CLECO CORPORATION,1,0,False,0.0,True,False
CLEVELAND-CLIFFS INC.,1,1,True,15000.0,True,True
"CME GROUP, INC.",1,1,True,613451.4,True,True
CMS ENERGY CORPORATION,1,1,True,115000.0,True,True
"CNG HOLDINGS, INC.",1,0,False,0.0,True,False
CNL FINANCIAL GROUP INC POLITICIAL ACTION COMMITTEE,1,0,False,0.0,True,False
"COCA-COLA CONSOLIDATED, INC.",1,1,True,1000.0,True,True
"COEUR MINING, INC.",1,0,False,0.0,True,False
COMCAST CORPORATION,1,1,True,3267993.11,True,True
COMERICA INCORPORATED,1,0,False,0.0,True,False
"COMMERCE BANCSHARES, INC.",1,0,False,0.0,True,False
COMMERCIAL METALS COMPANY,1,1,True,19400.0,True,True
"COMMUNITY BANCSHARES OF MISSISSIPPI, INC.",1,0,False,0.0,True,False
COMPORIUM INC,1,0,False,0.0,True,False
"CONAGRA BRANDS, INC.",1,1,True,43500.0,True,True
CONDUENT INCORPORATED,1,0,False,0.0,True,False
CONOCOPHILLIPS,1,1,True,352500.0,True,True
"CONSOL ENERGY, INC.",1,0,False,0.0,True,False
"CONSOLIDATED COMMUNICATIONS, INC.",1,0,False,0.0,True,False
"CONTINENTAL AUTOMOTIVE, INC.",1,0,False,0.0,True,False
"CONTURA ENERGY, INC",1,0,False,0.0,True,False
COOPERATIVE OF AMERICAN PHYSICIANS,1,0,False,0.0,True,False
"CORECIVIC, INC.",1,1,True,477500.0,True,True
"CORELOGIC, INC.",1,0,False,0.0,True,False
CORNING INCORPORATED,1,1,True,16702.84,True,True
"CORRIDOR 67, INC.",1,0,False,0.0,True,False
"CORTEVA, INC.",1,1,True,102406.24,True,True
COVANTA HOLDING CORPORATION,1,0,False,0.0,True,False
COX ENTERPRISES INC.,1,0,False,0.0,True,False
COZEN O'CONNOR,1,0,False,0.0,True,False
CREDIT SUISSE SECURITIES (USA) LLC,1,0,False,0.0,True,False
"CRH AMERICAS, INC.",1,0,False,0.0,True,False
CROWN CORK & SEAL COMPANY INC.,1,1,True,2300.0,True,True
CSL BEHRING,1,0,False,0.0,True,False
CSX CORPORATION,1,1,True,294265.0,True,True
CULAC (C0007880),1,0,False,0.0,True,False
CUMMINS INC.,1,1,True,180222.9,True,True
CUNA MUTUAL HOLDING COMPANY,1,0,False,0.0,True,False
CURTISS WRIGHT CORPORATION,1,1,True,12429.29,True,True
CVS HEALTH,1,1,True,607917.03,True,True
CYPRESS CREEK HOLDINGS LLC,1,1,True,15000.0,True,True
"DAVID VOLKERT & ASSOCIATES, INC.",1,0,False,0.0,True,False
DAVITA INC.,1,1,True,1469160.57,True,True
"DAY & ZIMMERMANN, INC.",1,0,False,0.0,True,False
DEERE & COMPANY,1,1,True,6000.0,True,True
"DELL TECHNOLOGIES, INC.",1,1,True,90572.0,True,True
DENBURY INC.,1,0,False,0.0,True,False
DENTONS COHEN & GRIGSBY P.C.,1,0,False,0.0,True,False
DEUTSCHE BANK AMERICAS CORP.,1,0,False,0.0,True,False
DEVON ENERGY CORPORATION,1,1,True,94000.0,True,True
DEXTER APACHE HOLDINGS INC,1,0,False,0.0,True,False
"DIAGEO NORTH AMERICA, INC.",1,0,False,0.0,True,False
"DIAMONDBACK ENERGY, INC.",1,1,True,198146.82,True,True
"DICKIE, MCCAMEY & CHILCOTE, PC",1,0,False,0.0,True,False
"DIRECT SUPPLY, INC.",1,0,False,0.0,True,False
DISCOVER FINANCIAL SERVICES,1,0,False,0.0,True,False
DISH NETWORK CORPORATION,1,1,True,5000.0,True,True
"DOMINION ENERGY, INC.",1,1,True,181043.54,True,True
DOW INC.,1,1,True,260777.95,True,True
"DRUMMOND COMPANY, INC.",1,0,False,0.0,True,False
DTE ENERGY COMPANY,1,1,True,133000.0,True,True
DUKE ENERGY CORPORATION,1,1,True,423175.98,True,True
DULCICH INC. DBA PACIFIC SEAFOOD GROUP,1,0,False,0.0,True,False
"DUNKIN' BRANDS, INC.",1,0,False,0.0,True,False
"DUPONT DE NEMOURS, INC.",1,1,True,13000.0,True,True
DYNCORP INTERNATIONAL LLC,1,0,False,0.0,True,False
E*TRADE FINANCIAL CORPORATION,1,0,False,0.0,True,False
EASTMAN CHEMICAL COMPANY,1,1,True,509000.0,True,True
EASTMAN KODAK COMPANY,1,0,False,0.0,True,False
EATON CORPORATION PUBLIC POLICY ASSOCIATION,1,1,True,8000.0,True,True
"EBAY, INC.",1,1,True,36327.06,True,True
ECOLAB INC.,1,1,True,41808.2,True,True
"EDF RENEWABLES, INC.",1,0,False,0.0,True,False
EDISON INTERNATIONAL,1,1,True,57080.0,True,True
EDWARDS LIFESCIENCES,1,1,True,504190.0,True,True
EHEALTH INC.,1,0,False,0.0,True,False
EISAI INC.,1,0,False,0.0,True,False
ELBIT SYSTEMS OF AMERICA LLC,1,0,False,0.0,True,False
ELECTRIC COOPERATIVES OF MISSISSIPPI,1,0,False,0.0,True,False
ELI LILLY AND COMPANY,1,1,True,99448.92,True,True
EMC INSURANCE COMPANIES,1,0,False,0.0,True,False
"EMD SERONO, INC.",1,0,False,0.0,True,False
EMERSON ELECTRIC CO.,1,1,True,22500.0,True,True
EMPIRE DISTRICT ELECTRIC COMPANY,1,0,False,0.0,True,False
ENBRIDGE (U.S.) INC.,1,0,False,0.0,True,False
ENCOMPASS HEALTH CORPORATION,1,1,True,4000.0,True,True
ENDO PHARMACEUTICALS INC.,1,0,False,0.0,True,False
ENERGY TRANSFER EMPLOYEE MANAGEMENT COMPANY,1,0,False,0.0,True,False
"ENERGYSOLUTIONS, INC.",1,0,False,0.0,True,False
ENGIE NORTH AMERICA,1,0,False,0.0,True,False
ENTERGY CORPORATION,1,0,False,0.0,True,False
"ENTERPRISE HOLDINGS, INC.",1,0,False,0.0,True,False
ENVISION HEALTHCARE CORPORATION,1,0,False,0.0,True,False
EQT CORPORATION,1,1,True,133688.51,True,True
"EQUIFAX INC,",1,1,True,56488.9,True,True
"EQUITABLE HOLDINGS, INC.",1,0,False,0.0,True,False
"ERICKSON & SEDERSTROM, P C",1,0,False,0.0,True,False
ERICSSON INC.,1,0,False,0.0,True,False
EVERGY AND ITS SUBSIDIARIES,1,1,True,54207.12,True,True
EVERSOURCE ENERGY,1,0,False,0.0,True,False
"EVOC REGULATORY SERVICES, INC.",1,0,False,0.0,True,False
EXELON CORPORATION,2,0,False,0.0,True,False
EXPERIAN NORTH AMERICA INC.,1,0,False,0.0,True,False
EXXON MOBIL CORPORATION,1,1,True,381950.0,True,True
"EZCORP, INC.",1,0,False,0.0,True,False
F.N.B. CORPORATION,1,0,False,0.0,True,False
FACEBOOK INC.,1,0,False,0.0,True,False
"FARMERS GROUP, INC.",1,0,False,0.0,True,False
"FBL FINANCIAL GROUP, INC.",1,0,False,0.0,True,False
FC COMPASSUS LLC,1,0,False,0.0,True,False
"FEDERAL BIPARTISAN VOLUNTARY PUBLIC AFFAIRS COMMITTEE OF THE PNC FINANCIAL SERVICES GROUP, INC. (PNC",1,1,True,91599.37,True,True
FEDEX CORPORATION,1,1,True,2291.63,True,True
FEMINIST MAJORITY,1,0,False,0.0,True,False
"FIDELITY NATIONAL FINANCIAL, INC.",1,1,True,217500.0,True,True
"FIDELITY NATIONAL INFORMATION SYSTEMS, INC.",1,1,True,11283.65,True,True
FIFTH THIRD BANCORP,1,1,True,1500.0,True,True
"FIRST COLONIES ANESTHESIA ASSOCIATES, LLC",1,0,False,0.0,True,False
FIRST COMMAND FINANCIAL PLANNING INC.,1,0,False,0.0,True,False
FIRST HAWAIIAN BANK CITIZENSHIP COMMITTEE,1,0,False,0.0,True,False
FIRST HORIZON CORPORATION,2,0,False,0.0,True,False
FIRST MIDWEST BANCORP INC GOVERNMENT AFFAIRS FUND,1,0,False,0.0,True,False
FIRST NATIONAL OF NEBRASKA INC,1,0,False,0.0,True,False
FIRST SOLAR INC.,1,0,False,0.0,True,False
"FIRSTCASH, INC.",1,0,False,0.0,True,False
FIRSTENERGY CORP.,1,1,True,8000.0,True,True
"FLIR SYSTEMS, INC.",1,1,True,2000.0,True,True
"FLORIDA EAST COAST INDUSTRIES, LLC",1,0,False,0.0,True,False
FLORIDA RIGHT TO LIFE INC,1,0,False,0.0,True,False
FLOWERS FOODS INC.,1,0,False,0.0,True,False
FLUOR CORPORATION,1,0,False,0.0,True,False
FMC CORPORATION,1,0,False,0.0,True,False
FORD MOTOR COMPANY,1,1,True,12481.39,True,True
FOX CORPORATION,1,0,False,0.0,True,False
FRAMATOME INC.,1,0,False,0.0,True,False
FREEPORT-MCMORAN INC.,1,1,True,245950.03,True,True
FRESENIUS MEDICAL CARE NORTH AMERICA,1,0,False,0.0,True,False
"FUELCELL ENERGY, INC.",1,0,False,0.0,True,False
"GANNETT FLEMING, INC.",1,0,False,0.0,True,False
GAP INC.,1,0,False,0.0,True,False
GATX CORPORATION,1,0,False,0.0,True,False
GCI COMMUNICATION CORP.,1,0,False,0.0,True,False
GENENTECH INC.,1,0,False,0.0,True,False
GENERAL DYNAMICS CORPORATION,1,0,False,0.0,True,False
GENERAL ELECTRIC COMPANY,1,0,False,0.0,True,False
"GENERAL MILLS, INC.",1,1,True,2400.0,True,True
GENERAL MOTORS COMPANY,1,1,True,247780.0,True,True
GENESIS HEALTHCARE INC.,1,0,False,0.0,True,False
GENTIVA HEALTH SERVICES INC,1,0,False,0.0,True,False
GEORGIA OILMEN'S ASSOC INC,1,0,False,0.0,True,False
GERDAU AMERISTEEL US INC.,1,0,False,0.0,True,False
"GIANT EAGLE, INC.",1,0,False,0.0,True,False
GIBBONS P.C.,1,0,False,0.0,True,False
"GILEAD SCIENCES, INC.",1,1,True,570511.0,True,True
GLAXOSMITHKLINE LLC,1,0,False,0.0,True,False
GLOBAL MEDICAL RESPONSE INC.,1,0,False,0.0,True,False
"GLOBAL PAYMENTS, INC.",1,1,True,57000.0,True,True
GLOBE LIFE INC.,1,1,True,1000.0,True,True
GOOGLE LLC,1,1,True,19510.6,True,True
"GRAND CANYON EDUCATION, INC",1,0,False,0.0,True,False
GRAND TRUNK WESTERN RAILROAD COMPANY,1,0,False,0.0,True,False
GRANGE INSURANCE,1,0,False,0.0,True,False
"GRAPHIC PACKAGING INTERNATIONAL, LLC",1,0,False,0.0,True,False
GRAYROBINSON P.A.,1,0,False,0.0,True,False
GREAT SOUTHERN BANK,1,0,False,0.0,True,False
GREYHOUND LINES,1,0,False,0.0,True,False
GROUP 1 AUTOMOTIVE INC,1,0,False,0.0,True,False
"GULF STATES TOYOTA, INC.",1,0,False,0.0,True,False
H&R BLOCK INC.,1,1,True,88416.72,True,True
HALLIBURTON COMPANY,1,1,True,120000.0,True,True
"HANGER, INC.",1,0,False,0.0,True,False
"HCA HEALTHCARE,  INC.",1,1,True,158850.08,True,True
"HDR, INC.",1,0,False,0.0,True,False
HEINEKEN USA INC.,1,0,False,0.0,True,False
HERBALIFE INTERNATIONAL INC.,1,0,False,0.0,True,False
HERZOG,1,0,False,0.0,True,False
HESS CORPORATION,1,0,False,0.0,True,False
HEWLETT PACKARD ENTERPRISE COMPANY,1,1,True,13488.31,True,True
HEXION INC.,1,1,True,2313.26,True,True
HIGHMARK INC.,1,0,False,0.0,True,False
"HILL-ROM HOLDINGS, INC.",1,0,False,0.0,True,False
HILTON WORLDWIDE,1,1,True,74500.0,True,True
HMS HOLDINGS CORP.,1,0,False,0.0,True,False
HOLCIM (US) INC.,1,0,False,0.0,True,False
HOMESTREET INC.,1,0,False,0.0,True,False
HONEYWELL INTERNATIONAL,1,1,True,261153.03,True,True
"HORIZON THERAPEUTICS USA, INC.",1,0,False,0.0,True,False
HOWMET AEROSPACE INC.,1,0,False,0.0,True,False
HSBC NORTH AMERICA,2,0,False,0.0,True,False
HUMANA INC.,1,1,True,97594.89,True,True
HUNTINGTON BANCSHARES INC.,1,1,True,17500.0,True,True
"HUNTINGTON INGALLS INDUSTRIES, INC.",1,1,True,50715.37,True,True
"HY-VEE, INC.",1,0,False,0.0,True,False
IAC/INTERACTIVECORP,1,0,False,0.0,True,False
"IDEMIA IDENTITY & SECURITY USA, LLC",1,0,False,0.0,True,False
IGT GLOBAL SOLUTIONS CORPORATION,1,0,False,0.0,True,False
IHEARTMEDIA INC.,1,0,False,0.0,True,False
INSPIRE BRANDS INC.,1,0,False,0.0,True,False
INTEL CORPORATION,1,0,False,0.0,True,False
INTERGRAPH CORPORATION,1,0,False,0.0,True,False
INTERNATIONAL BANK OF COMMERCE,1,0,False,0.0,True,False
INTERNATIONAL PAPER,1,1,True,410957.13,True,True
INTERNATIONAL TEXTILE GROUP INC,1,0,False,0.0,True,False
INTERNATIONAL UNION OF OPERATING ENGINEERS LOCAL 4,1,0,False,0.0,True,False
INTUIT INC.,1,1,True,117000.0,True,True
"INTUITIVE SURGICAL, INC.",1,0,False,0.0,True,False
"INVESCO HOLDING COMPANY (US), INC.",1,0,False,0.0,True,False
IRON MOUNTAIN INCORPORATED,1,0,False,0.0,True,False
ITC HOLDINGS CORP.,1,0,False,0.0,True,False
J. H. FLETCHER & CO,1,0,False,0.0,True,False
J.R. SIMPLOT COMPANY,1,0,False,0.0,True,False
JACKSON HOLDINGS LLC AND JACKSON NATIONAL LIFE INSURANCE COMPANY,2,0,False,0.0,True,False
JACKSON LEWIS P.C.,1,0,False,0.0,True,False
JACOBS ENGINEERING GROUP INC.,1,0,False,0.0,True,False
JBS USA LLC,1,0,False,0.0,True,False
JCPENNEY COPORATION,1,0,False,0.0,True,False
"JELD-WEN, INC.",1,0,False,0.0,True,False
JETBLUE AIRWAYS CORP.,1,1,True,15000.0,True,True
JOHN HANCOCK LIFE INSURANCE COMPANY (USA),1,0,False,0.0,True,False
"JUUL LABS, INC.",1,1,True,5000.0,True,True
KAMAN CORP.,1,0,False,0.0,True,False
KANSAS CITY LIFE INSURANCE COMPANY,1,0,False,0.0,True,False
KB HOME,1,0,False,0.0,True,False
KELLOGG COMPANY,1,0,False,0.0,True,False
KELLY SERVICES INC.,1,1,True,1200.0,True,True
KEURIG DR PEPPER INC.,1,1,True,14115.59,True,True
"KOCH INDUSTRIES, INC.",1,0,False,0.0,True,False
KOMATSU MINING CORP.,1,0,False,0.0,True,False
"L BRANDS, INC.",1,0,False,0.0,True,False
"L3HARRIS TECHNOLOGIES, INC.",1,1,True,578761.65,True,True
"LEIDOS, INC.",1,1,True,282108.57,True,True
LIBERTY MEDIA CORPORATION,1,1,True,9500.0,True,True
LIBERTY MUTUAL INSURANCE COMPANY,1,0,False,0.0,True,False
"LIFEPOINT CORPORATE SERVICES, GENERAL PARTNERSHIP (LCSGP) AND FACILITIES WHICH ARE SUBSIDIARIES OF LIFEPOINT HEALTH (COLLECTIVELY LIFEPOINT)",1,0,False,0.0,True,False
"LINCARE HOLDINGS, INC. EMPLOYEE ACTION FUND",1,0,False,0.0,True,False
LINCOLN NATIONAL CORPORATION,1,0,False,0.0,True,False
LKQ CORPORATION,1,1,True,459700.0,True,True
LOCKHEED MARTIN CORPORATION,1,1,True,197350.0,True,True
LOEWS CORPORATION,1,1,True,149200.0,True,True
LONE ROCK TIMBER MANAGEMENT CO,1,0,False,0.0,True,False
LOUISIANA-PACIFIC CORPORATION,1,1,True,37067.3,True,True
"LOWE'S COMPANIES, INC.",1,1,True,98749.23,True,True
LPL FINANCIAL LLC,1,0,False,0.0,True,False
LSCP LLC,1,0,False,0.0,True,False
LUNDBECK LLC,1,0,False,0.0,True,False
M&T BANK,1,1,True,122200.0,True,True
MAERSK INC.,1,0,False,0.0,True,False
"MAGELLAN HEALTH, INC.",1,0,False,0.0,True,False
"MAGELLAN MIDSTREAM HOLDINGS GP, LLC",1,0,False,0.0,True,False
MANAGMENT & TRAINING CORPORATION,1,0,False,0.0,True,False
MANTECH INTERNATIONAL CORPORATION,1,0,False,0.0,True,False
MARATHON OIL COMPANY,1,0,False,0.0,True,False
MARATHON PETROLEUM CORPORATION,1,1,True,63801.4,True,True
"MARRIOTT INTERNATIONAL, INC.",1,1,True,277824.55,True,True
"MARSH & MCLENNAN COMPANIES, INC.",1,1,True,53479.15,True,True
MASIMO CORPORATION,1,0,False,0.0,True,False
MASTERCARD INTERNATIONAL INC.,1,0,False,0.0,True,False
MATERION CORPORATION,1,0,False,0.0,True,False
"MATSON, INC. FEDERAL ELECTION COMMITTEE",1,1,True,5900.0,True,True
MATTEL INC.,1,1,True,37500.0,True,True
MAXAR TECHNOLOGIES INC.,1,0,False,0.0,True,False
"MAXIM HEALTHCARE SERVICES, INC.",1,0,False,0.0,True,False
"MAXIMUS, INC.",1,1,True,91094.62,True,True
MAYNARD COOPER & GALE,1,0,False,0.0,True,False
MCDONALD HOPKINS LLC,1,0,False,0.0,True,False
MCDONALDS CORPORATION,1,1,True,2296152.25,True,True
MCGLINCHEY STAFFORD MINTZ CELLINI LANG,1,0,False,0.0,True,False
MCKESSON CORPORATION,1,1,True,227650.0,True,True
"MCLANE COMPANY, INC",1,0,False,0.0,True,False
"MDU RESOURCES GROUP, INC.",1,1,True,14684.8,True,True
"MEDNAX, INC.",1,0,False,0.0,True,False
"MERCK & CO., INC.",1,0,False,0.0,True,False
MEREDITH CORPORATION EMPLOYEES FUND FOR BETTER GOVERNMENT,1,0,False,0.0,True,False
MERIT MEDICAL SYSTEMS INC,1,1,True,42805.13,True,True
MERITAGE HOMES CORPORATION,1,1,True,22000.0,True,True
MESSER CONSTRUCTION CO,1,0,False,0.0,True,False
METLIFE INC.,2,2,True,63978.59,True,True
METROPOLITAN ANESTHESIA CONSULTANTS,1,0,False,0.0,True,False
"MICRON TECHNOLOGY, INC.",1,0,False,0.0,True,False
MICROSOFT CORPORATION,1,0,False,0.0,True,False
MIDAMERICAN ENERGY COMPANY,1,1,True,15830.29,True,True
"MIMEDX GROUP, INC.",1,1,True,1414.32,True,True
MOLINA HEALTHCARE INC,1,1,True,373787.48,True,True
MOLSON COORS BEVERAGE COMPANY USA LLC,1,1,True,15000.0,True,True
MONTANA CONSERVATION VOTERS,1,0,False,0.0,True,False
MORGAN STANLEY,1,1,True,220206.96,True,True
MOTORISTS MUTUAL INSURANCE COMPANY CIVIC FUND,1,0,False,0.0,True,False
"MOTOROLA SOLUTIONS, INC.",1,1,True,163996.0,True,True
MR. COOPER GROUP INC.,1,0,False,0.0,True,False
MUTUAL OF OMAHA,1,0,False,0.0,True,False
MVP HEALTH CARE INC.,1,0,False,0.0,True,False
"MWW GROUP, INC.",1,0,False,0.0,True,False
"NAIOP, INC.",1,1,True,61500.0,True,True
NANA REGIONAL CORPORATION,1,0,False,0.0,True,False
"NASDAQ, INC.",1,1,True,331728.96,True,True
NATIONAL GRID USA,1,0,False,0.0,True,False
NATIONAL HEALTH CORPORATION,1,0,False,0.0,True,False
NATIONWIDE,1,0,False,0.0,True,False
NATIONWIDE MUTUAL INSURANCE COMPANY,1,0,False,0.0,True,False
NAVIENT CORPORATION,1,0,False,0.0,True,False
"NAVISTAR, INC.",1,0,False,0.0,True,False
NCR CORPORATION,1,0,False,0.0,True,False
"NELNET, INC.",1,0,False,0.0,True,False
NEW JERSEY RIGHT TO LIFE,1,0,False,0.0,True,False
NEW SOUTH BANCSHARES INC/COMMITTEE FOR FAIRNESS IN GOVERNMENT,1,0,False,0.0,True,False
NEWMONT CORPORATION,1,1,True,14300.0,True,True
NEWS CORPORATION,1,1,True,7500.0,True,True
"NEXION HEALTH, INC.",1,0,False,0.0,True,False
"NEXSTAR MEDIA GROUP, INC.",1,1,True,282900.0,True,True
"NEXTERA ENERGY, INC",1,1,True,10533.27,True,True
"NIKE, INC.",1,1,True,10996.0,True,True
NISOURCE INC.,1,1,True,101500.0,True,True
"NOBLE ENERGY, INC.",1,0,False,0.0,True,False
NOMURA HOLDING AMERICA INC.,1,0,False,0.0,True,False
NONE,22,3,True,650640.6799999999,True,True
NORFOLK SOUTHERN CORPORATION,1,1,True,740461.5,True,True
NORTHERN TRUST CORPORATION,1,1,True,145098.0,True,True
NORTHROP GRUMMAN CORPORATION,1,1,True,220181.85,True,True
NORTHWESTERN ENEREGY,1,0,False,0.0,True,False
NORTHWESTERN ENERGY,1,0,False,0.0,True,False
NOVA CHEMICALS INC & NOVA CHEMICALS SRVCS INC COMMITTEE FOR POLITICAL ACTION & ENGAGEMENT,1,0,False,0.0,True,False
NOVARTIS CORPORATION,1,0,False,0.0,True,False
NOVO NORDISK INC.,1,1,True,5000.0,True,True
NOVOCURE INC.,1,0,False,0.0,True,False
NUCOR CORPORATION,1,1,True,1150975.28,True,True
NUSTAR ENERGY L.P.,1,0,False,0.0,True,False
NV ENERGY,1,0,False,0.0,True,False
NW NATURAL,1,0,False,0.0,True,False
O.C. TANNER COMPANY,1,0,False,0.0,True,False
OATH INC.,1,0,False,0.0,True,False
OCCIDENTAL PETROLEUM CORPORATION,1,1,True,33308.7,True,True
"OCEAN SPRAY CRANBERRIES, INC",1,0,False,0.0,True,False
OHIO FARMERS INSURANCE COMPANY,1,0,False,0.0,True,False
"OLD DOMINION FREIGHT LINE, INC.",1,1,True,334782.97,True,True
OLD NATIONAL BANK,1,1,True,94000.0,True,True
OLIN CORPORATION,1,0,False,0.0,True,False
ONCOR ELECTRIC DELIVERY ADMINISTRATION CORP.,1,0,False,0.0,True,False
ONE GAS INC.,1,0,False,0.0,True,False
"ORACLE AMERICA, INC.",1,1,True,204500.0,True,True
OSHKOSH CORPORATION,1,0,False,0.0,True,False
OSI SYSTEMS INC.,1,1,True,89695.93,True,True
"OTSUKA AMERICA, INC.",1,0,False,0.0,True,False
OVERSEAS SHIPHOLDING GROUP INC,1,0,False,0.0,True,False
OVINTIV USA INC.,1,1,True,76479.24,True,True
OWENS CORNING,1,1,True,52824.81,True,True
PACCAR INC,1,1,True,24940.0,True,True
PACIFIC LIFE INSURANCE COMPANY,1,0,False,0.0,True,False
PACIFICORP,1,0,False,0.0,True,False
PAN-AMERICAN LIFE INSURANCE COMPANY,1,0,False,0.0,True,False
"PANDORA MEDIA, LLC",1,0,False,0.0,True,False
PARKER-HANNIFIN CORPORATION,1,1,True,74900.0,True,True
PARSONS CORPORATION,1,0,False,0.0,True,False
"PAYPAL HOLDINGS, INC",1,1,True,54156.59,True,True
PEABODY ENERGY CORPORATION,1,1,True,111500.0,True,True
PENSKE TRUCK LEASING CORPORATION,1,0,False,0.0,True,False
PEOPLES BANK & TRUST COMPANY,1,0,False,0.0,True,False
"PEPSICO, INC.",1,1,True,3600.0,True,True
"PERFORMANCE CONTRACTING GROUP, INC.",1,0,False,0.0,True,False
PERNOD RICARD USA LLC,1,0,False,0.0,True,False
PERSPECTA INC.,1,0,False,0.0,True,False
"PETER PAN SEAFOODS, INC.",1,0,False,0.0,True,False
PFIZER INC.,1,1,True,328433.43,True,True
PHILIPS NORTH AMERICA LLC,1,0,False,0.0,True,False
PHILLIPS 66,1,1,True,641796.28,True,True
"PIONEER NATURAL RESOURCES USA, INC.",1,1,True,5500.0,True,True
PITNEY BOWES INC.,1,1,True,19410.25,True,True
"PLS FINANCIAL SERVICES, INC.",1,0,False,0.0,True,False
POLARIS INDUSTRIES INC,1,0,False,0.0,True,False
PORTLAND CEMENT ASSOCIATION,1,0,False,0.0,True,False
POTLATCHDELTIC CORPORATION,1,1,True,5000.0,True,True
PPG INDUSTRIES INC.,1,1,True,62750.0,True,True
PRIDE MOBILITY PRODUCTS CORP,1,0,False,0.0,True,False
PRINCIPAL LIFE INSURANCE COMPANY,1,0,False,0.0,True,False
PRODUCERS RICE MILL INC,1,0,False,0.0,True,False
PROTECTIVE LIFE CORPORATION,1,0,False,0.0,True,False
"PRUDENTIAL FINANCIAL, INC.",2,2,True,39500.0,True,True
PUBLIC SERVICE CO OF NM,1,0,False,0.0,True,False
PUBLIC SERVICE ENTERPRISE GROUP INC.,1,1,True,126507.0,True,True
"PURPOSE FINANCIAL, INC.",1,0,False,0.0,True,False
"QC HOLDINGS, INC.",1,0,False,0.0,True,False
QUALCOMM INCORPORATED,1,1,True,235500.0,True,True
QUEST DIAGNOSTICS INCORPORATED,1,1,True,56700.0,True,True
QUORUM HEALTH CORPORATION,1,0,False,0.0,True,False
"QURATE RETAIL, INC.",1,1,True,8500.0,True,True
"RADIAN GROUP, INC.",1,1,True,22000.0,True,True
RAYONIER ADVANCED MATERIALS INC.,1,0,False,0.0,True,False
"RAYONIER, INC.",1,1,True,108249.32,True,True
RAYTHEON TECHNOLOGIES CORPORATION,1,0,False,0.0,True,False
REGIONS FINANCIAL CORPORATION,1,1,True,41500.0,True,True
RELX INC.,1,0,False,0.0,True,False
"RENT-A-CENTER, INC.",1,0,False,0.0,True,False
REPUBLIC SERVICES INC. (FKA ALLIED WASTE NA),1,0,False,0.0,True,False
"RES-CARE, INC. DBA BRIGHTSPRING HEALTH SERVICES",1,0,False,0.0,True,False
RESOLUTE FOREST PRODUCTS US INC.,1,0,False,0.0,True,False
REYNOLDS AMERICAN INC.,1,0,False,0.0,True,False
RIO TINTO AMERICA INC.,1,0,False,0.0,True,False
RITE AID CORPORATION,1,0,False,0.0,True,False
ROCHE DIAGNOSTICS CORPORATION,1,0,False,0.0,True,False
ROCK HOLDINGS INC.,1,0,False,0.0,True,False
ROGERS GROUP INC.,1,0,False,0.0,True,False
ROLLINS INC,1,0,False,0.0,True,False
ROLLS-ROYCE NORTH AMERICA HOLDINGS INC.,1,0,False,0.0,True,False
ROTHMAN INSTITUTE,1,1,True,13726.71,True,True
RUSSELL INVESTMENT GROUP,1,0,False,0.0,True,False
RYDER SYSTEM INC.,1,1,True,65100.0,True,True
S&P GLOBAL INC.,1,1,True,253070.0,True,True
SABRE GLBL INC.,1,0,False,0.0,True,False
"SALEM MEDIA GROUP, INC.",1,0,False,0.0,True,False
"SALESFORCE.COM, INC.",1,0,False,0.0,True,False
SALT RIVER VALLEY WATER USERS' ASSOCIATION POLITICAL INVOLVEMENT COMMITTEE ( SRPPIC),1,0,False,0.0,True,False
SANOFI US SERVICES INC,1,0,False,0.0,True,False
SANTANDER HOLDINGS USA INC.,1,0,False,0.0,True,False
"SAP AMERICA, INC.",1,0,False,0.0,True,False
"SAZERAC COMPANY, INC.",1,0,False,0.0,True,False
SCHWAN'S COMPANY,1,0,False,0.0,True,False
SCIENCE APPLICATIONS INTERNATIONAL CORPORATION,1,1,True,34100.0,True,True
SCOT FORGE COMPANY,1,0,False,0.0,True,False
SEAWORLD PARKS & ENTERTAINMENT INC.,1,0,False,0.0,True,False
"SECURIAN, INC",1,0,False,0.0,True,False
SECURITY FINANCE CORPORATION OF SPARTANBURG,1,0,False,0.0,True,False
SENTRY INSURANCE A MUTUAL COMPANY,1,0,False,0.0,True,False
SERCO INC.,1,0,False,0.0,True,False
SHELL OIL COMPANY,1,0,False,0.0,True,False
SIEMENS CORPORATION,1,0,False,0.0,True,False
SLM CORPORATION,1,0,False,0.0,True,False
SMITHS GROUP SERVICES CORP,1,0,False,0.0,True,False
SODEXO INC.,1,0,False,0.0,True,False
"SOLVAY AMERICA, INC.",1,0,False,0.0,True,False
"SONY PICTURES ENTERTAINMENT, INC.",1,0,False,0.0,True,False
SOUTHERN COMPANY GAS,1,0,False,0.0,True,False
SOUTHERN GLAZER'S WINE AND SPIRITS,1,0,False,0.0,True,False
SOUTHERN NUCLEAR OPERATING COMPANY,1,1,True,7496.35,True,True
SOUTHWEST AIRLINES CO,1,0,False,0.0,True,False
SOUTHWEST GAS CORPORATION,1,0,False,0.0,True,False
SSA MARINE INC.,1,0,False,0.0,True,False
STANDARD INSURANCE COMPANY,1,0,False,0.0,True,False
"STARR INSURANCE HOLDINGS, INC.",1,0,False,0.0,True,False
STATE STREET BANK AND TRUST COMPANY,1,1,True,533594.0,True,True
STE. MICHELLE WINE ESTATES LTD.,1,1,True,285120.0,True,True
STEPHENS INC,1,0,False,0.0,True,False
STERIS CORPORATION,1,0,False,0.0,True,False
"STV GROUP, INCORPORATED",1,0,False,0.0,True,False
SUEZ WATER INC.,1,0,False,0.0,True,False
SUNOVION PHARMACEUTICALS INC.,1,0,False,0.0,True,False
SUNPOWER CORPORATION,1,0,False,0.0,True,False
SWEDISH MATCH NORTH AMERICA LLC,1,0,False,0.0,True,False
SWISS RE AMERICA HOLDING CORPORATION,1,0,False,0.0,True,False
SYNOVUS FINANCIAL CORP.,1,0,False,0.0,True,False
SYSCO CORPORATION,1,1,True,60264.65,True,True
TARGA RESOURCES CORP.,1,0,False,0.0,True,False
TARGET CORPORATION,1,0,False,0.0,True,False
TAYLOR MORRISON INC.,1,0,False,0.0,True,False
TE CONNECTIVITY CORPORATION,1,1,True,85000.0,True,True
"TECO ENERGY, INC.",1,0,False,0.0,True,False
TENET HEALTHCARE CORPORATION,1,1,True,94500.0,True,True
TENNESSEE RIGHT TO LIFE INC,1,0,False,0.0,True,False
TEVA PHARMACEUTICALS USA INC.,1,0,False,0.0,True,False
TEXAS CAPITAL BANK,1,0,False,0.0,True,False
TEXAS INDUSTRIES INC POLITICAL ACTION COMM,1,0,False,0.0,True,False
TEXAS INSTRUMENTS INCORPORATED,1,1,True,10000.0,True,True
THE ADT SECURITY CORPORATION,1,0,False,0.0,True,False
THE AES CORPORATION,1,1,True,222166.71,True,True
THE BANK OF NEW YORK MELLON CORPORATION,1,1,True,57158.51,True,True
THE BANK OF THE NEW YORK MELLON CORPORATION,1,1,True,132423.68,True,True
THE BOEING COMPANY,1,1,True,51000.0,True,True
THE BRINK'S COMPANY,1,0,False,0.0,True,False
"THE CAPITAL GROUP COMPANIES, INC.",1,0,False,0.0,True,False
THE CENTER FOR FREETHOUGHT EQUALITY,1,0,False,0.0,True,False
THE CLOROX COMPANY,1,1,True,1300.0,True,True
THE COCA-COLA COMPANY,1,1,True,46439.28,True,True
THE DEPOSITORY TRUST AND CLEARING CORPORATION,1,0,False,0.0,True,False
THE GOLDMAN SACHS GROUP INC,1,1,True,4206155.86,True,True
THE GOODYEAR TIRE & RUBBER COMPANY GOOD GOVERNMENT FUND (GOODYEAR GOOD GOVERNMENT FUND),1,0,False,0.0,True,False
THE HERSHEY COMPANY,1,1,True,84270.0,True,True
THE HOME DEPOT INC.,1,1,True,230831.16,True,True
THE KROGER CO.,1,1,True,203999.87,True,True
THE NEWHALL LAND AND FARMING COMPANY,1,0,False,0.0,True,False
THE NORTH AMERICAN COAL CORPORATION,1,0,False,0.0,True,False
THE OPTIONS CLEARING CORPORATION,1,0,False,0.0,True,False
"THE PHOENIX COMPANIES, INC.",1,0,False,0.0,True,False
THE PICTSWEET COMPANY,1,0,False,0.0,True,False
THE PROCTER & GAMBLE COMPANY,1,1,True,399276.3,True,True
THE TIMKEN COMPANY,1,0,False,0.0,True,False
THE TRAVELERS COMPANIES INC.,1,1,True,206500.0,True,True
THE VANGUARD GROUP,1,0,False,0.0,True,False
"THE WILLIAMS COMPANIES, INC.",1,1,True,307750.0,True,True
TIVITY HEALTH,1,0,False,0.0,True,False
TRANE TECHNOLOGIES COMPANY LLC,1,1,True,99449.42,True,True
TRANSAMERICA,1,0,False,0.0,True,False
"TRANSCANADA USA SERVICES, INC.",1,0,False,0.0,True,False
TRANSUNION LLC,1,0,False,0.0,True,False
TRAVELPORT INC.,1,0,False,0.0,True,False
TRINET GROUP INC.,1,1,True,44700.0,True,True
TRINITY INDUSTRIES INC.,1,1,True,9400.0,True,True
TRIUMPH GROUP INC,1,0,False,0.0,True,False
"TRUEBLUE, INC.",1,0,False,0.0,True,False
TRUIST FINANCIAL CORPORATION,2,2,True,138850.36,True,True
"TSVC, INC.",1,0,False,0.0,True,False
TYSON FOODS INC.,1,1,True,113500.0,True,True
"U.S. ANESTHESIA PARTNERS, INC.",1,0,False,0.0,True,False
U.S. BANCORP POLITICAL PARTICIPATION PROGRAM,1,1,True,34500.0,True,True
UBS AMERICAS INC.,1,0,False,0.0,True,False
ULLICO INC.,1,0,False,0.0,True,False
UNION PACIFIC CORPORATION,1,1,True,46490.44,True,True
UNISYS CORPORATION,1,0,False,0.0,True,False
"UNITED AIRLINES, INC.",1,1,True,208975.33,True,True
"UNITED HEALTH SERVICES, INC",1,1,True,7500.0,True,True
UNITED PARCEL SERVICE INC.,1,0,False,0.0,True,False
UNITED STATES STEEL CORPORATION,1,0,False,0.0,True,False
UNITEDHEALTH GROUP INCORPORATED,1,1,True,5000.0,True,True
"UNIVERSAL LEAF TOBACCO COMPANY, INCORPORATED",1,0,False,0.0,True,False
UNIVERSAL MUSIC GROUP,1,0,False,0.0,True,False
"UNIVISION COMMUNICATIONS, INC.",1,0,False,0.0,True,False
UNS ENERGY CORPORATION,1,0,False,0.0,True,False
UNUM GROUP,1,0,False,0.0,True,False
"US ONCOLOGY, INC.",1,1,True,2500.0,True,True
VALERO ENERGY CORPORATION,1,1,True,80000.0,True,True
VAN SCOYOC ASSOCIATES,1,0,False,0.0,True,False
"VARIAN MEDICAL SYSTEMS, INC.",1,0,False,0.0,True,False
VERTEX PHARMACEUTICALS INCORPORATED,1,1,True,334000.0,True,True
VGM GROUP INC.,1,0,False,0.0,True,False
VGM MANAGEMENT LTD,1,0,False,0.0,True,False
VIATRIS INC.,1,0,False,0.0,True,False
"VISA, INC.",1,1,True,1166362.61,True,True
VISTRA CORP.,1,0,False,0.0,True,False
"VIZIENT, INC.",1,0,False,0.0,True,False
"VSP HOLDING COMPANY, INC.",1,0,False,0.0,True,False
WALGREEN CO,1,0,False,0.0,True,False
WALMART INC.,1,1,True,202718.1,True,True
WALT DISNEY PRODUCTIONS,1,0,False,0.0,True,False
"WARD AND SMITH, P.A.",1,0,False,0.0,True,False
WASHINGTON GAS LIGHT COMPANY,1,0,False,0.0,True,False
WASTE MANAGEMENT,1,1,True,3500.0,True,True
WAWA INC,1,0,False,0.0,True,False
WEBSTER BANK,1,0,False,0.0,True,False
"WELLMARK, INC.",1,0,False,0.0,True,False
WELLS FARGO AND COMPANY,1,1,True,323468.34,True,True
WERNER ENTERPRISES INC,1,1,True,606907.8,True,True
WESTERN UNION COMPANY,1,0,False,0.0,True,False
WESTROCK COMPANY,1,0,False,0.0,True,False
WEYERHAEUSER COMPANY,1,1,True,98666.64,True,True
WHIRLPOOL CORPORATION,1,1,True,5000.0,True,True
"WILLIS NORTH AMERICA, INC",1,0,False,0.0,True,False
WINDSTREAM HOLDINGS LLC,1,0,False,0.0,True,False
WINSTEAD PC,1,0,False,0.0,True,False
"WINTHROP & WEINSTINE, P.A.",1,0,False,0.0,True,False
WORLD ACCEPTANCE CORPORATION,1,0,False,0.0,True,False
WORTHINGTON INDUSTRIES,1,0,False,0.0,True,False
"WPX ENERGY, INC.",1,0,False,0.0,True,False
"WYNDHAM DESTINATIONS, INC",1,0,False,0.0,True,False
"WYNDHAM HOTELS & RESORTS, INC.",1,1,True,41000.0,True,True
"WYNN RESORTS, LIMITED",1,0,False,0.0,True,False
XCEL ENERGY,1,1,True,36000.0,True,True
XEROX CORPORATION,1,0,False,0.0,True,False
YRC WORLDWIDE INC.,1,0,False,0.0,True,False
ZACHRY CORPORATION,1,0,False,0.0,True,False
ZENECA INC.,1,1,True,4255.0,True,True
"ZF AUTOMOTIVE US, INC.",1,0,False,0.0,True,False
"ZIMMER BIOMET HOLDINGS, INC.",1,1,True,90336.0,True,True
"ZIONS BANCORPORATION, N.A.",1,1,True,96130.2,True,True
ZOETIS INC.,1,1,True,7500.0,True,True
