TICKER,has_pac,has_pac_donations,pac_count,active_pac_count,total_pac_amount,pac_status
TMO,,,,,,PAC_DONATED
AFG,,,,,,PAC_DONATED
CSX,True,True,1.0,1.0,294265.0,PAC_DONATED
MPWR,,,,,,PAC_DONATED
MEI,,,,,,PAC_DONATED
NRG,,,,,,PAC_DONATED
KMX,,,,,,PAC_DONATED
ICLR,,,,,,PAC_DONATED
EXEL,,,,,,PAC_DONATED
ARR,,,,,,PAC_DONATED
GOGO,,,,,,PAC_DONATED
SIRI,,,,,,PAC_DONATED
LNN,,,,,,PAC_DONATED
UMBF,,,,,,PAC_DONATED
CVLT,,,,,,PAC_DONATED
MDB,,,,,,PAC_DONATED
NOC,True,True,1.0,1.0,220181.85,PAC_DONATED
SABR,,,,,,PAC_DONATED
CVI,,,,,,PAC_DONATED
ZTS,True,True,1.0,1.0,7500.0,PAC_DONATED
CBU,,,,,,PAC_DONATED
ABCB,,,,,,PAC_DONATED
GT,,,,,,PAC_DONATED
ACHC,,,,,,PAC_DONATED
WMT,True,True,1.0,1.0,202718.1,PAC_DONATED
SXT,,,,,,PAC_DONATED
LIVN,,,,,,PAC_DONATED
GNW,,,,,,PAC_DONATED
BDX,,,,,,PAC_DONATED
PLTR,,,,,,PAC_DONATED
THO,,,,,,PAC_DONATED
KEY,,,,,,PAC_DONATED
URI,,,,,,PAC_DONATED
AAP,,,,,,PAC_DONATED
PARR,,,,,,PAC_DONATED
CNS,,,,,,PAC_DONATED
CWEN.A,,,,,,PAC_DONATED
TTD,,,,,,PAC_DONATED
VMI,,,,,,PAC_DONATED
LBRT,,,,,,PAC_DONATED
MSFT,True,False,1.0,0.0,0.0,PAC_NO_DONATIONS
TECH,,,,,,PAC_DONATED
NWE,,,,,,PAC_DONATED
SDGR,,,,,,PAC_DONATED
ENPH,,,,,,PAC_DONATED
SHW,,,,,,PAC_DONATED
B,,,,,,PAC_DONATED
CPRX,,,,,,PAC_DONATED
TFX,,,,,,PAC_DONATED
STAG,,,,,,PAC_DONATED
CTRA,,,,,,PAC_DONATED
PINC,,,,,,PAC_DONATED
FR,,,,,,PAC_DONATED
BFAM,,,,,,PAC_DONATED
GSHD,,,,,,PAC_DONATED
NDSN,,,,,,PAC_DONATED
CC,,,,,,PAC_DONATED
SBRA,,,,,,PAC_DONATED
HPP,,,,,,PAC_DONATED
IQV,,,,,,PAC_DONATED
EXPO,,,,,,PAC_DONATED
FHI,,,,,,PAC_DONATED
EWBC,,,,,,PAC_DONATED
CI,,,,,,PAC_DONATED
CRWD,,,,,,PAC_DONATED
GPN,True,True,1.0,1.0,57000.0,PAC_DONATED
RC,,,,,,PAC_DONATED
GEF,,,,,,PAC_DONATED
GILD,True,True,1.0,1.0,570511.0,PAC_DONATED
ICUI,,,,,,PAC_DONATED
CPRT,,,,,,PAC_DONATED
SNX,,,,,,PAC_DONATED
EOG,,,,,,PAC_DONATED
APD,True,True,1.0,1.0,30000.0,PAC_DONATED
OSUR,,,,,,PAC_DONATED
ADNT,,,,,,PAC_DONATED
GFS,,,,,,PAC_DONATED
WSO,,,,,,PAC_DONATED
WTRG,,,,,,PAC_DONATED
INVA,,,,,,PAC_DONATED
EXC,True,False,2.0,0.0,0.0,PAC_NO_DONATIONS
IRT,,,,,,PAC_DONATED
NUS,,,,,,PAC_DONATED
WMG,,,,,,PAC_DONATED
CMI,True,True,1.0,1.0,180222.9,PAC_DONATED
ATO,True,True,1.0,1.0,117256.26,PAC_DONATED
FFBC,,,,,,PAC_DONATED
ANET,,,,,,PAC_DONATED
SPR,,,,,,PAC_DONATED
OGS,True,False,1.0,0.0,0.0,PAC_NO_DONATIONS
SAIC,True,True,1.0,1.0,34100.0,PAC_DONATED
HCSG,,,,,,PAC_DONATED
MRVL,,,,,,PAC_DONATED
HOLX,,,,,,PAC_DONATED
THG,,,,,,PAC_DONATED
PNFP,,,,,,PAC_DONATED
RRC,,,,,,PAC_DONATED
EAT,,,,,,PAC_DONATED
DIN,,,,,,PAC_DONATED
WU,True,False,1.0,0.0,0.0,PAC_NO_DONATIONS
ADSK,,,,,,PAC_DONATED
EBAY,True,True,1.0,1.0,36327.06,PAC_DONATED
CLVT,,,,,,PAC_DONATED
SR,,,,,,PAC_DONATED
IBM,,,,,,PAC_DONATED
APO,,,,,,PAC_DONATED
PVH,,,,,,PAC_DONATED
BAC,True,True,2.0,2.0,102140.0,PAC_DONATED
TJX,,,,,,PAC_DONATED
GL,True,True,1.0,1.0,1000.0,PAC_DONATED
COLB,,,,,,PAC_DONATED
BDN,,,,,,PAC_DONATED
MMM,True,True,1.0,1.0,63250.0,PAC_DONATED
MHK,,,,,,PAC_DONATED
EQR,,,,,,PAC_DONATED
CIEN,,,,,,PAC_DONATED
CFR,,,,,,PAC_DONATED
GPC,,,,,,PAC_DONATED
RJF,,,,,,PAC_DONATED
PANW,,,,,,PAC_DONATED
QNST,,,,,,PAC_DONATED
FWRD,,,,,,PAC_DONATED
USPH,,,,,,PAC_DONATED
AMGN,True,True,1.0,1.0,384745.09,PAC_DONATED
SM,,,,,,PAC_DONATED
ELAN,,,,,,PAC_DONATED
R,True,True,1.0,1.0,65100.0,PAC_DONATED
SLP,,,,,,PAC_DONATED
EPAM,,,,,,PAC_DONATED
SHO,,,,,,PAC_DONATED
LOPE,True,False,1.0,0.0,0.0,PAC_NO_DONATIONS
GDOT,,,,,,PAC_DONATED
MSCI,,,,,,PAC_DONATED
S,,,,,,PAC_DONATED
SFM,,,,,,PAC_DONATED
DLB,,,,,,PAC_DONATED
CAR,True,True,1.0,1.0,35623.68,PAC_DONATED
NJR,,,,,,PAC_DONATED
BR,,,,,,PAC_DONATED
GTLS,,,,,,PAC_DONATED
ZD,,,,,,PAC_DONATED
ETSY,,,,,,PAC_DONATED
ENS,,,,,,PAC_DONATED
RMBS,,,,,,PAC_DONATED
REZI,,,,,,PAC_DONATED
KNSL,,,,,,PAC_DONATED
TNL,,,,,,PAC_DONATED
CAL,,,,,,PAC_DONATED
CTRE,,,,,,PAC_DONATED
IAC,,,,,,PAC_DONATED
ROST,,,,,,PAC_DONATED
SCSC,,,,,,PAC_DONATED
RCUS,,,,,,PAC_DONATED
UNM,True,False,1.0,0.0,0.0,PAC_NO_DONATIONS
BOKF,True,False,1.0,0.0,0.0,PAC_NO_DONATIONS
OHI,,,,,,PAC_DONATED
SHOO,,,,,,PAC_DONATED
SHEN,,,,,,PAC_DONATED
MET,True,True,2.0,2.0,63978.59,PAC_DONATED
OC,True,True,1.0,1.0,52824.81,PAC_DONATED
WMB,,,,,,PAC_DONATED
JPM,,,,,,PAC_DONATED
VMC,,,,,,PAC_DONATED
HOOD,,,,,,PAC_DONATED
AMT,,,,,,PAC_DONATED
CHH,,,,,,PAC_DONATED
BLKB,,,,,,PAC_DONATED
RDN,True,True,1.0,1.0,22000.0,PAC_DONATED
C,True,True,2.0,1.0,92000.0,PAC_DONATED
CF,,,,,,PAC_DONATED
WD,,,,,,PAC_DONATED
CBOE,True,True,1.0,1.0,512857.62,PAC_DONATED
ECPG,,,,,,PAC_DONATED
LYV,,,,,,PAC_DONATED
RARE,,,,,,PAC_DONATED
CNO,,,,,,PAC_DONATED
LGND,,,,,,PAC_DONATED
APPS,,,,,,PAC_DONATED
UE,,,,,,PAC_DONATED
AVNT,,,,,,PAC_DONATED
TTGT,,,,,,PAC_DONATED
NNN,,,,,,PAC_DONATED
VZ,,,,,,PAC_DONATED
PR,,,,,,PAC_DONATED
AXL,,,,,,PAC_DONATED
SWK,,,,,,PAC_DONATED
ESI,,,,,,PAC_DONATED
MTCH,,,,,,PAC_DONATED
WBS,,,,,,PAC_DONATED
AMAL,,,,,,PAC_DONATED
VIAV,,,,,,PAC_DONATED
SNV,True,False,1.0,0.0,0.0,PAC_NO_DONATIONS
JNJ,,,,,,PAC_DONATED
EG,,,,,,PAC_DONATED
CXW,True,True,1.0,1.0,477500.0,PAC_DONATED
PFGC,,,,,,PAC_DONATED
CRUS,,,,,,PAC_DONATED
FCPT,,,,,,PAC_DONATED
BKR,,,,,,PAC_DONATED
BANF,,,,,,PAC_DONATED
MDU,True,True,1.0,1.0,14684.8,PAC_DONATED
ABT,,,,,,PAC_DONATED
TDS,,,,,,PAC_DONATED
AAON,,,,,,PAC_DONATED
BRO,,,,,,PAC_DONATED
BRX,,,,,,PAC_DONATED
CARS,,,,,,PAC_DONATED
MKSI,,,,,,PAC_DONATED
DAR,,,,,,PAC_DONATED
LFUS,,,,,,PAC_DONATED
KREF,,,,,,PAC_DONATED
AOS,True,True,1.0,1.0,3000.0,PAC_DONATED
NCLH,,,,,,PAC_DONATED
REYN,,,,,,PAC_DONATED
AAT,,,,,,PAC_DONATED
OUT,,,,,,PAC_DONATED
LNT,True,True,1.0,1.0,61931.39,PAC_DONATED
DLR,,,,,,PAC_DONATED
MPW,,,,,,PAC_DONATED
AVY,,,,,,PAC_DONATED
FIS,,,,,,PAC_DONATED
OII,,,,,,PAC_DONATED
CASY,,,,,,PAC_DONATED
ADUS,,,,,,PAC_DONATED
CWT,,,,,,PAC_DONATED
CTSH,,,,,,PAC_DONATED
TSN,True,True,1.0,1.0,113500.0,PAC_DONATED
KTB,,,,,,PAC_DONATED
NTCT,,,,,,PAC_DONATED
INSP,,,,,,PAC_DONATED
DVA,True,True,1.0,1.0,1469160.57,PAC_DONATED
AEP,True,True,1.0,1.0,1000.0,PAC_DONATED
EA,,,,,,PAC_DONATED
TNDM,,,,,,PAC_DONATED
EW,True,True,1.0,1.0,504190.0,PAC_DONATED
IRDM,,,,,,PAC_DONATED
GIS,True,True,1.0,1.0,2400.0,PAC_DONATED
HOMB,,,,,,PAC_DONATED
MORN,,,,,,PAC_DONATED
RES,,,,,,PAC_DONATED
OLN,True,False,1.0,0.0,0.0,PAC_NO_DONATIONS
ALNY,,,,,,PAC_DONATED
WDC,,,,,,PAC_DONATED
PLNT,,,,,,PAC_DONATED
MLM,,,,,,PAC_DONATED
OMC,,,,,,PAC_DONATED
MASI,True,False,1.0,0.0,0.0,PAC_NO_DONATIONS
LEA,,,,,,PAC_DONATED
MC,,,,,,PAC_DONATED
HR,,,,,,PAC_DONATED
DEA,,,,,,PAC_DONATED
TSLA,,,,,,PAC_DONATED
RILY,,,,,,PAC_DONATED
CRS,,,,,,PAC_DONATED
CPB,,,,,,PAC_DONATED
ARW,,,,,,PAC_DONATED
ACM,True,True,1.0,1.0,6700.0,PAC_DONATED
IT,,,,,,PAC_DONATED
STAA,,,,,,PAC_DONATED
W,,,,,,PAC_DONATED
CCL,,,,,,PAC_DONATED
TREX,,,,,,PAC_DONATED
PAHC,,,,,,PAC_DONATED
PFG,,,,,,PAC_DONATED
IDXX,,,,,,PAC_DONATED
KIM,,,,,,PAC_DONATED
WTM,,,,,,PAC_DONATED
MTDR,,,,,,PAC_DONATED
DXPE,,,,,,PAC_DONATED
CBT,,,,,,PAC_DONATED
WERN,True,True,1.0,1.0,606907.8,PAC_DONATED
AROC,,,,,,PAC_DONATED
TAP,,,,,,PAC_DONATED
WNC,,,,,,PAC_DONATED
WSR,,,,,,PAC_DONATED
WLY,,,,,,PAC_DONATED
VOYA,,,,,,PAC_DONATED
AR,,,,,,PAC_DONATED
PLAY,,,,,,PAC_DONATED
ARWR,,,,,,PAC_DONATED
RSG,,,,,,PAC_DONATED
WCC,,,,,,PAC_DONATED
TDG,,,,,,PAC_DONATED
BIO,,,,,,PAC_DONATED
DRH,,,,,,PAC_DONATED
IDCC,,,,,,PAC_DONATED
PTC,,,,,,PAC_DONATED
IP,True,True,1.0,1.0,410957.13,PAC_DONATED
VNO,,,,,,PAC_DONATED
PCOR,,,,,,PAC_DONATED
BMY,True,False,1.0,0.0,0.0,PAC_NO_DONATIONS
ALV,,,,,,PAC_DONATED
WH,True,True,1.0,1.0,41000.0,PAC_DONATED
UPBD,,,,,,PAC_DONATED
HAIN,,,,,,PAC_DONATED
MTD,,,,,,PAC_DONATED
OGE,,,,,,PAC_DONATED
AJG,,,,,,PAC_DONATED
WAT,,,,,,PAC_DONATED
THS,,,,,,PAC_DONATED
TMUS,,,,,,PAC_DONATED
NSA,,,,,,PAC_DONATED
BF.B,True,True,1.0,1.0,168660.0,PAC_DONATED
FI,,,,,,PAC_DONATED
FORR,,,,,,PAC_DONATED
VFC,,,,,,PAC_DONATED
SMPL,,,,,,PAC_DONATED
OXM,,,,,,PAC_DONATED
FCF,,,,,,PAC_DONATED
FFIV,,,,,,PAC_DONATED
MKC,,,,,,PAC_DONATED
ORLY,,,,,,PAC_DONATED
OZK,,,,,,PAC_DONATED
FLGT,,,,,,PAC_DONATED
IONS,,,,,,PAC_DONATED
MTH,True,True,1.0,1.0,22000.0,PAC_DONATED
GNTX,,,,,,PAC_DONATED
SUPN,,,,,,PAC_DONATED
MMS,True,True,1.0,1.0,91094.62,PAC_DONATED
NTAP,,,,,,PAC_DONATED
DY,,,,,,PAC_DONATED
WHR,True,True,1.0,1.0,5000.0,PAC_DONATED
RPM,,,,,,PAC_DONATED
SEM,,,,,,PAC_DONATED
KEYS,,,,,,PAC_DONATED
BSX,True,True,1.0,1.0,173726.23,PAC_DONATED
JAZZ,,,,,,PAC_DONATED
CARG,,,,,,PAC_DONATED
WRB,,,,,,PAC_DONATED
STX,,,,,,PAC_DONATED
DUK,True,True,1.0,1.0,423175.98,PAC_DONATED
GOOGL,,,,,,PAC_DONATED
ETR,True,False,1.0,0.0,0.0,PAC_NO_DONATIONS
SLG,,,,,,PAC_DONATED
BKNG,,,,,,PAC_DONATED
GEV,,,,,,PAC_DONATED
DOV,,,,,,PAC_DONATED
BA,,,,,,PAC_DONATED
HSIC,,,,,,PAC_DONATED
STEL,,,,,,PAC_DONATED
NKE,True,True,1.0,1.0,10996.0,PAC_DONATED
PRGO,,,,,,PAC_DONATED
MSI,True,True,1.0,1.0,163996.0,PAC_DONATED
PATH,,,,,,PAC_DONATED
META,,,,,,PAC_DONATED
MSA,,,,,,PAC_DONATED
MHO,,,,,,PAC_DONATED
CGNX,,,,,,PAC_DONATED
CR,,,,,,PAC_DONATED
EMN,True,True,1.0,1.0,509000.0,PAC_DONATED
HBI,,,,,,PAC_DONATED
TEAM,,,,,,PAC_DONATED
CTAS,True,True,1.0,1.0,36910.04,PAC_DONATED
VIRT,,,,,,PAC_DONATED
PTEN,,,,,,PAC_DONATED
JBGS,,,,,,PAC_DONATED
MRCY,,,,,,PAC_DONATED
NWL,,,,,,PAC_DONATED
MMSI,True,True,1.0,1.0,42805.13,PAC_DONATED
CUZ,,,,,,PAC_DONATED
INN,,,,,,PAC_DONATED
UGI,,,,,,PAC_DONATED
GM,True,True,1.0,1.0,247780.0,PAC_DONATED
LSCC,,,,,,PAC_DONATED
BLMN,True,True,1.0,1.0,64500.0,PAC_DONATED
EFX,True,True,1.0,1.0,56488.9,PAC_DONATED
ZM,,,,,,PAC_DONATED
ISRG,True,False,1.0,0.0,0.0,PAC_NO_DONATIONS
BK,,,,,,PAC_DONATED
CAT,True,True,1.0,1.0,281411.99,PAC_DONATED
OMCL,,,,,,PAC_DONATED
HD,,,,,,PAC_DONATED
ITRI,,,,,,PAC_DONATED
UPS,True,False,1.0,0.0,0.0,PAC_NO_DONATIONS
ALGN,,,,,,PAC_DONATED
DIS,,,,,,PAC_DONATED
LUV,True,False,1.0,0.0,0.0,PAC_NO_DONATIONS
CUBE,,,,,,PAC_DONATED
DCI,,,,,,PAC_DONATED
KBH,True,False,1.0,0.0,0.0,PAC_NO_DONATIONS
ROIV,,,,,,PAC_DONATED
TT,True,True,1.0,1.0,99449.42,PAC_DONATED
HUBS,,,,,,PAC_DONATED
UNH,True,True,1.0,1.0,5000.0,PAC_DONATED
HWC,,,,,,PAC_DONATED
SOFI,,,,,,PAC_DONATED
MARA,,,,,,PAC_DONATED
GDEN,,,,,,PAC_DONATED
AX,,,,,,PAC_DONATED
RWT,,,,,,PAC_DONATED
CWK,,,,,,PAC_DONATED
MNRO,,,,,,PAC_DONATED
JJSF,,,,,,PAC_DONATED
CLF,True,True,1.0,1.0,15000.0,PAC_DONATED
DDOG,,,,,,PAC_DONATED
WAB,,,,,,PAC_DONATED
WEX,,,,,,PAC_DONATED
ALGM,,,,,,PAC_DONATED
CARR,,,,,,PAC_DONATED
DD,True,True,1.0,1.0,13000.0,PAC_DONATED
COLM,,,,,,PAC_DONATED
PAG,,,,,,PAC_DONATED
LH,,,,,,PAC_DONATED
FTI,,,,,,PAC_DONATED
SPWR,,,,,,PAC_DONATED
PLAB,,,,,,PAC_DONATED
KRC,,,,,,PAC_DONATED
WFC,,,,,,PAC_DONATED
AUB,,,,,,PAC_DONATED
MCRI,,,,,,PAC_DONATED
GEO,,,,,,PAC_DONATED
AMR,,,,,,PAC_DONATED
VRSK,,,,,,PAC_DONATED
HUBB,,,,,,PAC_DONATED
EXPD,,,,,,PAC_DONATED
VRTX,True,True,1.0,1.0,334000.0,PAC_DONATED
ON,,,,,,PAC_DONATED
FTDR,,,,,,PAC_DONATED
KMB,,,,,,PAC_DONATED
O,,,,,,PAC_DONATED
ALEX,,,,,,PAC_DONATED
BKU,,,,,,PAC_DONATED
ERIE,,,,,,PAC_DONATED
HON,True,True,1.0,1.0,261153.03,PAC_DONATED
GD,True,False,1.0,0.0,0.0,PAC_NO_DONATIONS
FLO,True,False,1.0,0.0,0.0,PAC_NO_DONATIONS
MAR,True,True,1.0,1.0,277824.55,PAC_DONATED
HSII,,,,,,PAC_DONATED
SNA,,,,,,PAC_DONATED
HCC,,,,,,PAC_DONATED
MS,True,True,1.0,1.0,220206.96,PAC_DONATED
LPLA,,,,,,PAC_DONATED
IBKR,,,,,,PAC_DONATED
ARES,,,,,,PAC_DONATED
AORT,,,,,,PAC_DONATED
CME,True,True,1.0,1.0,613451.4,PAC_DONATED
BEPC,,,,,,PAC_DONATED
RNG,,,,,,PAC_DONATED
ACN,,,,,,PAC_DONATED
WELL,,,,,,PAC_DONATED
BJ,,,,,,PAC_DONATED
SLVM,,,,,,PAC_DONATED
SYNA,,,,,,PAC_DONATED
RUSHA,,,,,,PAC_DONATED
PPL,,,,,,PAC_DONATED
AIG,,,,,,PAC_DONATED
CHDN,,,,,,PAC_DONATED
JXN,,,,,,PAC_DONATED
MTG,,,,,,PAC_DONATED
AME,,,,,,PAC_DONATED
NBR,,,,,,PAC_DONATED
SFBS,,,,,,PAC_DONATED
JBSS,,,,,,PAC_DONATED
ROP,,,,,,PAC_DONATED
MTRN,True,False,1.0,0.0,0.0,PAC_NO_DONATIONS
HE,,,,,,PAC_DONATED
TRU,True,False,1.0,0.0,0.0,PAC_NO_DONATIONS
CCRN,,,,,,PAC_DONATED
MTZ,,,,,,PAC_DONATED
ADM,,,,,,PAC_DONATED
NAVI,True,False,1.0,0.0,0.0,PAC_NO_DONATIONS
WWW,,,,,,PAC_DONATED
VLO,True,True,1.0,1.0,80000.0,PAC_DONATED
TYL,,,,,,PAC_DONATED
HPQ,,,,,,PAC_DONATED
MAS,,,,,,PAC_DONATED
BXP,,,,,,PAC_DONATED
SO,,,,,,PAC_DONATED
KLIC,,,,,,PAC_DONATED
GTLB,,,,,,PAC_DONATED
MAN,,,,,,PAC_DONATED
APLE,,,,,,PAC_DONATED
CNK,,,,,,PAC_DONATED
KALU,,,,,,PAC_DONATED
QRVO,,,,,,PAC_DONATED
ALG,,,,,,PAC_DONATED
OIS,,,,,,PAC_DONATED
AMD,,,,,,PAC_DONATED
NSC,True,True,1.0,1.0,740461.5,PAC_DONATED
AVNS,,,,,,PAC_DONATED
LULU,,,,,,PAC_DONATED
ALSN,,,,,,PAC_DONATED
DXC,,,,,,PAC_DONATED
RCL,,,,,,PAC_DONATED
AMAT,True,True,1.0,1.0,26500.0,PAC_DONATED
BURL,,,,,,PAC_DONATED
OGN,,,,,,PAC_DONATED
TKR,,,,,,PAC_DONATED
KMT,,,,,,PAC_DONATED
ABNB,,,,,,PAC_DONATED
DIOD,,,,,,PAC_DONATED
DELL,True,True,1.0,1.0,90572.0,PAC_DONATED
PNC,,,,,,PAC_DONATED
H,,,,,,PAC_DONATED
ESNT,,,,,,PAC_DONATED
AXON,,,,,,PAC_DONATED
BPOP,,,,,,PAC_DONATED
SHC,,,,,,PAC_DONATED
THC,True,True,1.0,1.0,94500.0,PAC_DONATED
L,True,True,1.0,1.0,149200.0,PAC_DONATED
LPX,True,True,1.0,1.0,37067.3,PAC_DONATED
UFPI,,,,,,PAC_DONATED
REXR,,,,,,PAC_DONATED
AMZN,,,,,,PAC_DONATED
LW,,,,,,PAC_DONATED
BAX,,,,,,PAC_DONATED
ENR,,,,,,PAC_DONATED
AMPH,,,,,,PAC_DONATED
APTV,,,,,,PAC_DONATED
HBAN,True,True,1.0,1.0,17500.0,PAC_DONATED
WST,,,,,,PAC_DONATED
AVAV,,,,,,PAC_DONATED
AWI,,,,,,PAC_DONATED
KRG,,,,,,PAC_DONATED
HWM,True,False,1.0,0.0,0.0,PAC_NO_DONATIONS
ALGT,,,,,,PAC_DONATED
WMS,,,,,,PAC_DONATED
LUMN,,,,,,PAC_DONATED
NEM,True,True,1.0,1.0,14300.0,PAC_DONATED
TTMI,,,,,,PAC_DONATED
OSIS,True,True,1.0,1.0,89695.93,PAC_DONATED
DXCM,,,,,,PAC_DONATED
MTX,,,,,,PAC_DONATED
JEF,,,,,,PAC_DONATED
PLUG,,,,,,PAC_DONATED
TMP,,,,,,PAC_DONATED
PJT,,,,,,PAC_DONATED
ANDE,,,,,,PAC_DONATED
MOS,,,,,,PAC_DONATED
ONB,,,,,,PAC_DONATED
ACI,,,,,,PAC_DONATED
DKS,,,,,,PAC_DONATED
IBOC,,,,,,PAC_DONATED
OKE,,,,,,PAC_DONATED
HCA,True,True,1.0,1.0,158850.08,PAC_DONATED
SFNC,,,,,,PAC_DONATED
VTRS,True,False,1.0,0.0,0.0,PAC_NO_DONATIONS
OWL,,,,,,PAC_DONATED
KFY,,,,,,PAC_DONATED
FCX,True,True,1.0,1.0,245950.03,PAC_DONATED
U,,,,,,PAC_DONATED
EQH,True,False,1.0,0.0,0.0,PAC_NO_DONATIONS
GBCI,,,,,,PAC_DONATED
CRI,,,,,,PAC_DONATED
CRMT,,,,,,PAC_DONATED
CNC,True,True,1.0,1.0,405560.29,PAC_DONATED
JLL,,,,,,PAC_DONATED
TWLO,,,,,,PAC_DONATED
CTVA,True,True,1.0,1.0,102406.24,PAC_DONATED
DVAX,,,,,,PAC_DONATED
JACK,,,,,,PAC_DONATED
WM,True,True,1.0,1.0,3500.0,PAC_DONATED
CVCO,,,,,,PAC_DONATED
KHC,,,,,,PAC_DONATED
CVX,,,,,,PAC_DONATED
RGLD,,,,,,PAC_DONATED
NOW,,,,,,PAC_DONATED
LRCX,,,,,,PAC_DONATED
CPT,,,,,,PAC_DONATED
CHRD,,,,,,PAC_DONATED
SLGN,,,,,,PAC_DONATED
DTE,True,True,1.0,1.0,133000.0,PAC_DONATED
AGL,,,,,,PAC_DONATED
WAL,,,,,,PAC_DONATED
CLDT,,,,,,PAC_DONATED
VRE,,,,,,PAC_DONATED
WTFC,,,,,,PAC_DONATED
LTC,,,,,,PAC_DONATED
BRK.A,,,,,,PAC_DONATED
RBC,,,,,,PAC_DONATED
STE,True,False,1.0,0.0,0.0,PAC_NO_DONATIONS
VIR,,,,,,PAC_DONATED
BLDR,,,,,,PAC_DONATED
ZEUS,,,,,,PAC_DONATED
CMCSA,True,True,1.0,1.0,3267993.11,PAC_DONATED
NSIT,,,,,,PAC_DONATED
STZ,,,,,,PAC_DONATED
MATX,,,,,,PAC_DONATED
BGS,,,,,,PAC_DONATED
AMH,,,,,,PAC_DONATED
PGR,,,,,,PAC_DONATED
DORM,,,,,,PAC_DONATED
PRI,,,,,,PAC_DONATED
EXR,,,,,,PAC_DONATED
ACIW,,,,,,PAC_DONATED
DBX,,,,,,PAC_DONATED
EXPI,,,,,,PAC_DONATED
UAL,,,,,,PAC_DONATED
LLY,True,True,1.0,1.0,99448.92,PAC_DONATED
SAM,,,,,,PAC_DONATED
RGR,,,,,,PAC_DONATED
GPI,True,False,1.0,0.0,0.0,PAC_NO_DONATIONS
BSY,True,True,1.0,1.0,88741.0,PAC_DONATED
LAMR,,,,,,PAC_DONATED
DASH,,,,,,PAC_DONATED
CCK,,,,,,PAC_DONATED
RMD,,,,,,PAC_DONATED
PCH,True,True,1.0,1.0,5000.0,PAC_DONATED
AMP,True,True,1.0,1.0,235307.85,PAC_DONATED
PRG,,,,,,PAC_DONATED
NMIH,,,,,,PAC_DONATED
HZO,,,,,,PAC_DONATED
MOV,,,,,,PAC_DONATED
EIG,,,,,,PAC_DONATED
CYTK,,,,,,PAC_DONATED
SRPT,,,,,,PAC_DONATED
VRSN,,,,,,PAC_DONATED
IVZ,,,,,,PAC_DONATED
ASTE,,,,,,PAC_DONATED
LII,,,,,,PAC_DONATED
NEU,,,,,,PAC_DONATED
WGO,,,,,,PAC_DONATED
FMC,True,False,1.0,0.0,0.0,PAC_NO_DONATIONS
HI,,,,,,PAC_DONATED
EIX,True,True,1.0,1.0,57080.0,PAC_DONATED
LYB,,,,,,PAC_DONATED
EL,,,,,,PAC_DONATED
BX,,,,,,PAC_DONATED
GMED,,,,,,PAC_DONATED
LSTR,,,,,,PAC_DONATED
HIW,,,,,,PAC_DONATED
PHM,,,,,,PAC_DONATED
GVA,,,,,,PAC_DONATED
UNF,,,,,,PAC_DONATED
SONO,,,,,,PAC_DONATED
UAA,,,,,,PAC_DONATED
BMRN,True,True,1.0,1.0,4750.0,PAC_DONATED
DHI,,,,,,PAC_DONATED
CRM,,,,,,PAC_DONATED
DDD,,,,,,PAC_DONATED
HCI,,,,,,PAC_DONATED
VST,True,False,1.0,0.0,0.0,PAC_NO_DONATIONS
CIVI,,,,,,PAC_DONATED
KKR,,,,,,PAC_DONATED
NFG,,,,,,PAC_DONATED
BYD,True,True,1.0,1.0,40312.5,PAC_DONATED
TRMB,,,,,,PAC_DONATED
LIN,,,,,,PAC_DONATED
RBLX,,,,,,PAC_DONATED
UBER,,,,,,PAC_DONATED
SYF,,,,,,PAC_DONATED
PNR,,,,,,PAC_DONATED
FRT,,,,,,PAC_DONATED
SEB,,,,,,PAC_DONATED
NUE,True,True,1.0,1.0,1150975.28,PAC_DONATED
KEX,,,,,,PAC_DONATED
BKH,,,,,,PAC_DONATED
FIVE,,,,,,PAC_DONATED
NXPI,,,,,,PAC_DONATED
CABO,,,,,,PAC_DONATED
PZZA,,,,,,PAC_DONATED
MANH,,,,,,PAC_DONATED
HWKN,,,,,,PAC_DONATED
ROCK,,,,,,PAC_DONATED
SITC,,,,,,PAC_DONATED
ALB,,,,,,PAC_DONATED
DGII,,,,,,PAC_DONATED
ASGN,,,,,,PAC_DONATED
OTIS,,,,,,PAC_DONATED
AVGO,,,,,,PAC_DONATED
CHE,,,,,,PAC_DONATED
BWA,,,,,,PAC_DONATED
PPG,True,True,1.0,1.0,62750.0,PAC_DONATED
EQT,True,True,1.0,1.0,133688.51,PAC_DONATED
ORI,,,,,,PAC_DONATED
PENN,,,,,,PAC_DONATED
CHTR,True,True,1.0,1.0,758177.0,PAC_DONATED
TDY,,,,,,PAC_DONATED
TW,,,,,,PAC_DONATED
ORA,,,,,,PAC_DONATED
M,,,,,,PAC_DONATED
SRE,,,,,,PAC_DONATED
SNDR,,,,,,PAC_DONATED
ROG,,,,,,PAC_DONATED
TKO,,,,,,PAC_DONATED
BCC,,,,,,PAC_DONATED
CINF,,,,,,PAC_DONATED
AEE,True,False,1.0,0.0,0.0,PAC_NO_DONATIONS
CMS,True,True,1.0,1.0,115000.0,PAC_DONATED
EXPE,,,,,,PAC_DONATED
AGO,,,,,,PAC_DONATED
AON,True,True,1.0,1.0,6500.0,PAC_DONATED
COR,,,,,,PAC_DONATED
MDT,,,,,,PAC_DONATED
HP,,,,,,PAC_DONATED
MCO,,,,,,PAC_DONATED
HPE,True,True,1.0,1.0,13488.31,PAC_DONATED
TALO,,,,,,PAC_DONATED
FWONA,,,,,,PAC_DONATED
LNG,True,True,1.0,1.0,155538.65,PAC_DONATED
ESE,,,,,,PAC_DONATED
AOSL,,,,,,PAC_DONATED
AXP,True,True,1.0,1.0,538011.11,PAC_DONATED
MCS,,,,,,PAC_DONATED
EHAB,,,,,,PAC_DONATED
FDX,True,True,1.0,1.0,2291.63,PAC_DONATED
CCCS,,,,,,PAC_DONATED
VRRM,,,,,,PAC_DONATED
HUBG,,,,,,PAC_DONATED
BHF,,,,,,PAC_DONATED
INVH,,,,,,PAC_DONATED
REG,,,,,,PAC_DONATED
PRGS,,,,,,PAC_DONATED
AMG,,,,,,PAC_DONATED
ITW,,,,,,PAC_DONATED
MA,,,,,,PAC_DONATED
TNC,,,,,,PAC_DONATED
ALLE,,,,,,PAC_DONATED
SUI,,,,,,PAC_DONATED
PNW,,,,,,PAC_DONATED
SNPS,,,,,,PAC_DONATED
PYPL,True,True,1.0,1.0,54156.59,PAC_DONATED
CSR,,,,,,PAC_DONATED
CRVL,,,,,,PAC_DONATED
PWR,,,,,,PAC_DONATED
SYY,True,True,1.0,1.0,60264.65,PAC_DONATED
SCHW,True,True,1.0,1.0,732637.54,PAC_DONATED
ASIX,,,,,,PAC_DONATED
RKT,,,,,,PAC_DONATED
CCS,,,,,,PAC_DONATED
JBLU,True,True,1.0,1.0,15000.0,PAC_DONATED
PEG,True,True,1.0,1.0,126507.0,PAC_DONATED
AMSF,,,,,,PAC_DONATED
FSS,,,,,,PAC_DONATED
SITE,,,,,,PAC_DONATED
MATW,,,,,,PAC_DONATED
NFLX,,,,,,PAC_DONATED
AIT,,,,,,PAC_DONATED
UNP,True,True,1.0,1.0,46490.44,PAC_DONATED
AVT,,,,,,PAC_DONATED
TMHC,,,,,,PAC_DONATED
TFC,True,True,2.0,2.0,138850.36,PAC_DONATED
DRI,,,,,,PAC_DONATED
XOM,True,True,1.0,1.0,381950.0,PAC_DONATED
SCVL,,,,,,PAC_DONATED
TXT,,,,,,PAC_DONATED
RUN,,,,,,PAC_DONATED
PDFS,,,,,,PAC_DONATED
FBP,,,,,,PAC_DONATED
OXY,True,True,1.0,1.0,33308.7,PAC_DONATED
UHS,,,,,,PAC_DONATED
F,True,True,1.0,1.0,12481.39,PAC_DONATED
SCI,,,,,,PAC_DONATED
PBI,True,True,1.0,1.0,19410.25,PAC_DONATED
CLH,,,,,,PAC_DONATED
CMG,,,,,,PAC_DONATED
PLUS,,,,,,PAC_DONATED
BLK,,,,,,PAC_DONATED
MMC,True,True,1.0,1.0,53479.15,PAC_DONATED
ORCL,,,,,,PAC_DONATED
RPRX,,,,,,PAC_DONATED
A,,,,,,PAC_DONATED
PTON,,,,,,PAC_DONATED
TTWO,,,,,,PAC_DONATED
FCNCA,,,,,,PAC_DONATED
CAH,True,False,1.0,0.0,0.0,PAC_NO_DONATIONS
LGIH,,,,,,PAC_DONATED
KAR,,,,,,PAC_DONATED
MTN,,,,,,PAC_DONATED
LKQ,True,True,1.0,1.0,459700.0,PAC_DONATED
SNOW,,,,,,PAC_DONATED
AN,,,,,,PAC_DONATED
HRL,,,,,,PAC_DONATED
AIR,,,,,,PAC_DONATED
CENX,,,,,,PAC_DONATED
UFCS,,,,,,PAC_DONATED
GRBK,,,,,,PAC_DONATED
HEI,,,,,,PAC_DONATED
NWSA,True,True,1.0,1.0,7500.0,PAC_DONATED
NSP,,,,,,PAC_DONATED
AHCO,,,,,,PAC_DONATED
LRN,,,,,,PAC_DONATED
KBR,,,,,,PAC_DONATED
KNF,,,,,,PAC_DONATED
INGR,,,,,,PAC_DONATED
CAG,True,True,1.0,1.0,43500.0,PAC_DONATED
TXG,,,,,,PAC_DONATED
MOH,True,True,1.0,1.0,373787.48,PAC_DONATED
FANG,True,True,1.0,1.0,198146.82,PAC_DONATED
VAC,,,,,,PAC_DONATED
ARCB,True,True,1.0,1.0,3441.0,PAC_DONATED
MRNA,,,,,,PAC_DONATED
MPC,True,True,1.0,1.0,63801.4,PAC_DONATED
MLKN,,,,,,PAC_DONATED
ACA,,,,,,PAC_DONATED
MAT,True,True,1.0,1.0,37500.0,PAC_DONATED
PCRX,,,,,,PAC_DONATED
CL,,,,,,PAC_DONATED
NVDA,,,,,,PAC_DONATED
EEFT,,,,,,PAC_DONATED
ASB,,,,,,PAC_DONATED
JBL,,,,,,PAC_DONATED
PODD,,,,,,PAC_DONATED
BANC,,,,,,PAC_DONATED
YUM,,,,,,PAC_DONATED
ADC,,,,,,PAC_DONATED
G,,,,,,PAC_DONATED
PLD,,,,,,PAC_DONATED
NEE,True,True,1.0,1.0,10533.27,PAC_DONATED
TDC,,,,,,PAC_DONATED
GEHC,,,,,,PAC_DONATED
NLY,,,,,,PAC_DONATED
FTNT,,,,,,PAC_DONATED
FLR,True,False,1.0,0.0,0.0,PAC_NO_DONATIONS
JBHT,,,,,,PAC_DONATED
FICO,,,,,,PAC_DONATED
FIX,,,,,,PAC_DONATED
ADP,,,,,,PAC_DONATED
COF,True,True,1.0,1.0,2860943.24,PAC_DONATED
CNP,True,True,1.0,1.0,11730.21,PAC_DONATED
ZION,,,,,,PAC_DONATED
INTU,True,True,1.0,1.0,117000.0,PAC_DONATED
AVTR,,,,,,PAC_DONATED
STC,,,,,,PAC_DONATED
CRL,,,,,,PAC_DONATED
PEGA,,,,,,PAC_DONATED
MUR,,,,,,PAC_DONATED
WSC,,,,,,PAC_DONATED
REX,,,,,,PAC_DONATED
IBP,,,,,,PAC_DONATED
COTY,,,,,,PAC_DONATED
OSK,True,False,1.0,0.0,0.0,PAC_NO_DONATIONS
TGT,True,False,1.0,0.0,0.0,PAC_NO_DONATIONS
SATS,,,,,,PAC_DONATED
AMC,,,,,,PAC_DONATED
COP,True,True,1.0,1.0,352500.0,PAC_DONATED
PRU,True,True,2.0,2.0,39500.0,PAC_DONATED
MRTN,,,,,,PAC_DONATED
LEG,,,,,,PAC_DONATED
ASH,True,False,1.0,0.0,0.0,PAC_NO_DONATIONS
RLI,,,,,,PAC_DONATED
VLY,,,,,,PAC_DONATED
PEP,True,True,1.0,1.0,3600.0,PAC_DONATED
MCW,,,,,,PAC_DONATED
EPC,,,,,,PAC_DONATED
ACLS,,,,,,PAC_DONATED
VSCO,,,,,,PAC_DONATED
FTV,,,,,,PAC_DONATED
MNST,,,,,,PAC_DONATED
CENT,,,,,,PAC_DONATED
ADI,,,,,,PAC_DONATED
AZO,True,True,1.0,1.0,90178.92,PAC_DONATED
ILMN,,,,,,PAC_DONATED
DLX,,,,,,PAC_DONATED
FSLR,True,False,1.0,0.0,0.0,PAC_NO_DONATIONS
SPB,,,,,,PAC_DONATED
LHX,True,True,1.0,1.0,578761.65,PAC_DONATED
IIIN,,,,,,PAC_DONATED
ALL,,,,,,PAC_DONATED
PSMT,,,,,,PAC_DONATED
CBRE,,,,,,PAC_DONATED
STT,,,,,,PAC_DONATED
TDOC,,,,,,PAC_DONATED
SAH,,,,,,PAC_DONATED
BIIB,True,True,1.0,1.0,84500.0,PAC_DONATED
NXT,,,,,,PAC_DONATED
AEO,,,,,,PAC_DONATED
CVS,True,True,1.0,1.0,607917.03,PAC_DONATED
TGNA,,,,,,PAC_DONATED
UNIT,,,,,,PAC_DONATED
GES,,,,,,PAC_DONATED
PK,,,,,,PAC_DONATED
CFG,True,False,1.0,0.0,0.0,PAC_NO_DONATIONS
HXL,,,,,,PAC_DONATED
NBIX,,,,,,PAC_DONATED
NI,True,True,1.0,1.0,101500.0,PAC_DONATED
TR,,,,,,PAC_DONATED
IRM,True,False,1.0,0.0,0.0,PAC_NO_DONATIONS
HII,True,True,1.0,1.0,50715.37,PAC_DONATED
SBUX,,,,,,PAC_DONATED
VEEV,,,,,,PAC_DONATED
WSM,,,,,,PAC_DONATED
MCK,True,True,1.0,1.0,227650.0,PAC_DONATED
EXTR,,,,,,PAC_DONATED
QCOM,True,True,1.0,1.0,235500.0,PAC_DONATED
ELS,,,,,,PAC_DONATED
EVRG,,,,,,PAC_DONATED
RAMP,,,,,,PAC_DONATED
CHRW,,,,,,PAC_DONATED
STRA,,,,,,PAC_DONATED
IPG,,,,,,PAC_DONATED
NWBI,,,,,,PAC_DONATED
PECO,,,,,,PAC_DONATED
MD,,,,,,PAC_DONATED
RH,,,,,,PAC_DONATED
DVN,True,True,1.0,1.0,94000.0,PAC_DONATED
CBSH,True,False,1.0,0.0,0.0,PAC_NO_DONATIONS
ABR,,,,,,PAC_DONATED
SEE,,,,,,PAC_DONATED
CPK,,,,,,PAC_DONATED
NTRA,,,,,,PAC_DONATED
SF,,,,,,PAC_DONATED
PKG,,,,,,PAC_DONATED
ARMK,,,,,,PAC_DONATED
RTX,,,,,,PAC_DONATED
HUN,,,,,,PAC_DONATED
SON,,,,,,PAC_DONATED
HTH,,,,,,PAC_DONATED
CEG,,,,,,PAC_DONATED
VSAT,,,,,,PAC_DONATED
HQY,,,,,,PAC_DONATED
MMI,,,,,,PAC_DONATED
CNX,,,,,,PAC_DONATED
AZZ,,,,,,PAC_DONATED
DOCU,,,,,,PAC_DONATED
APOG,,,,,,PAC_DONATED
K,,,,,,PAC_DONATED
OPCH,,,,,,PAC_DONATED
LZB,,,,,,PAC_DONATED
RYN,True,True,1.0,1.0,108249.32,PAC_DONATED
DPZ,,,,,,PAC_DONATED
PCG,,,,,,PAC_DONATED
HTLD,,,,,,PAC_DONATED
URBN,,,,,,PAC_DONATED
CRK,,,,,,PAC_DONATED
CCI,,,,,,PAC_DONATED
LMT,True,True,1.0,1.0,197350.0,PAC_DONATED
NXST,True,True,1.0,1.0,282900.0,PAC_DONATED
CALM,,,,,,PAC_DONATED
SIG,,,,,,PAC_DONATED
STBA,,,,,,PAC_DONATED
HIG,,,,,,PAC_DONATED
INCY,,,,,,PAC_DONATED
NTNX,,,,,,PAC_DONATED
BWXT,True,True,1.0,1.0,347916.7,PAC_DONATED
NEO,,,,,,PAC_DONATED
ATGE,,,,,,PAC_DONATED
RF,True,True,1.0,1.0,41500.0,PAC_DONATED
CE,True,True,1.0,1.0,15000.0,PAC_DONATED
ES,True,False,1.0,0.0,0.0,PAC_NO_DONATIONS
WDAY,,,,,,PAC_DONATED
AAPL,,,,,,PAC_DONATED
ANF,,,,,,PAC_DONATED
OMI,,,,,,PAC_DONATED
NVCR,True,False,1.0,0.0,0.0,PAC_NO_DONATIONS
PATK,,,,,,PAC_DONATED
FAST,,,,,,PAC_DONATED
LNC,True,False,1.0,0.0,0.0,PAC_NO_DONATIONS
ENVA,,,,,,PAC_DONATED
PH,True,True,1.0,1.0,74900.0,PAC_DONATED
WY,True,True,1.0,1.0,98666.64,PAC_DONATED
CZR,True,False,1.0,0.0,0.0,PAC_NO_DONATIONS
EMR,True,True,1.0,1.0,22500.0,PAC_DONATED
FCN,,,,,,PAC_DONATED
RGA,,,,,,PAC_DONATED
PAYX,,,,,,PAC_DONATED
RHI,,,,,,PAC_DONATED
CRBG,,,,,,PAC_DONATED
POOL,,,,,,PAC_DONATED
GDDY,,,,,,PAC_DONATED
FOUR,,,,,,PAC_DONATED
QS,,,,,,PAC_DONATED
BMI,,,,,,PAC_DONATED
HAFC,,,,,,PAC_DONATED
SONN,,,,,,PAC_DONATED
MSGS,,,,,,PAC_DONATED
ODFL,True,True,1.0,1.0,334782.97,PAC_DONATED
DOW,True,True,1.0,1.0,260777.95,PAC_DONATED
PBF,,,,,,PAC_DONATED
RS,,,,,,PAC_DONATED
MRK,True,False,1.0,0.0,0.0,PAC_NO_DONATIONS
WYNN,,,,,,PAC_DONATED
LOW,True,True,1.0,1.0,98749.23,PAC_DONATED
TEL,True,True,1.0,1.0,85000.0,PAC_DONATED
REGN,,,,,,PAC_DONATED
ZG,,,,,,PAC_DONATED
TBI,True,False,1.0,0.0,0.0,PAC_NO_DONATIONS
HLIT,,,,,,PAC_DONATED
CADE,,,,,,PAC_DONATED
SAIA,,,,,,PAC_DONATED
BBY,True,True,1.0,1.0,290842.06,PAC_DONATED
V,True,True,1.0,1.0,1166362.61,PAC_DONATED
KWR,,,,,,PAC_DONATED
CB,,,,,,PAC_DONATED
DG,,,,,,PAC_DONATED
TRGP,True,False,1.0,0.0,0.0,PAC_NO_DONATIONS
SPGI,True,True,1.0,1.0,253070.0,PAC_DONATED
DKNG,,,,,,PAC_DONATED
UBSI,,,,,,PAC_DONATED
TRUP,,,,,,PAC_DONATED
ALK,,,,,,PAC_DONATED
SYK,,,,,,PAC_DONATED
SWKS,,,,,,PAC_DONATED
VTR,,,,,,PAC_DONATED
TOL,,,,,,PAC_DONATED
KR,,,,,,PAC_DONATED
LQDT,,,,,,PAC_DONATED
ASAN,,,,,,PAC_DONATED
FAF,,,,,,PAC_DONATED
ROKU,,,,,,PAC_DONATED
AIZ,True,True,1.0,1.0,42000.0,PAC_DONATED
MKL,,,,,,PAC_DONATED
CORT,,,,,,PAC_DONATED
FLS,,,,,,PAC_DONATED
AMCR,,,,,,PAC_DONATED
WTW,,,,,,PAC_DONATED
MSEX,,,,,,PAC_DONATED
MAC,,,,,,PAC_DONATED
COKE,True,True,1.0,1.0,1000.0,PAC_DONATED
CLW,,,,,,PAC_DONATED
PRLB,,,,,,PAC_DONATED
HOUS,,,,,,PAC_DONATED
DE,True,True,1.0,1.0,6000.0,PAC_DONATED
SSP,,,,,,PAC_DONATED
MUSA,,,,,,PAC_DONATED
WRLD,True,False,1.0,0.0,0.0,PAC_NO_DONATIONS
AIN,,,,,,PAC_DONATED
RL,,,,,,PAC_DONATED
SEIC,,,,,,PAC_DONATED
GHC,,,,,,PAC_DONATED
PRA,,,,,,PAC_DONATED
ECL,True,True,1.0,1.0,41808.2,PAC_DONATED
PFBC,,,,,,PAC_DONATED
CACC,,,,,,PAC_DONATED
COIN,,,,,,PAC_DONATED
COO,,,,,,PAC_DONATED
ADBE,,,,,,PAC_DONATED
TSCO,,,,,,PAC_DONATED
PM,,,,,,PAC_DONATED
GNL,,,,,,PAC_DONATED
LDOS,,,,,,PAC_DONATED
ASO,,,,,,PAC_DONATED
GWW,,,,,,PAC_DONATED
PIPR,,,,,,PAC_DONATED
HST,,,,,,PAC_DONATED
EHC,True,True,1.0,1.0,4000.0,PAC_DONATED
DEI,,,,,,PAC_DONATED
NBTB,,,,,,PAC_DONATED
ARE,,,,,,PAC_DONATED
SPSC,,,,,,PAC_DONATED
TPG,,,,,,PAC_DONATED
SIGI,,,,,,PAC_DONATED
VTOL,,,,,,PAC_DONATED
LEN,,,,,,PAC_DONATED
ATNI,,,,,,PAC_DONATED
ALLY,True,True,1.0,1.0,741029.19,PAC_DONATED
HLT,,,,,,PAC_DONATED
GLOB,,,,,,PAC_DONATED
IEX,,,,,,PAC_DONATED
HELE,,,,,,PAC_DONATED
INFA,,,,,,PAC_DONATED
MDLZ,,,,,,PAC_DONATED
CFLT,,,,,,PAC_DONATED
CHD,,,,,,PAC_DONATED
AFL,True,True,1.0,1.0,93000.0,PAC_DONATED
HAS,,,,,,PAC_DONATED
WTS,,,,,,PAC_DONATED
PSX,True,True,1.0,1.0,641796.28,PAC_DONATED
FULT,,,,,,PAC_DONATED
MP,,,,,,PAC_DONATED
COHR,,,,,,PAC_DONATED
LPG,,,,,,PAC_DONATED
CNXN,,,,,,PAC_DONATED
POST,,,,,,PAC_DONATED
ELV,,,,,,PAC_DONATED
DLTR,,,,,,PAC_DONATED
MU,True,False,1.0,0.0,0.0,PAC_NO_DONATIONS
USB,,,,,,PAC_DONATED
HLI,,,,,,PAC_DONATED
NDAQ,True,True,1.0,1.0,331728.96,PAC_DONATED
ED,,,,,,PAC_DONATED
CSGP,,,,,,PAC_DONATED
GWRE,,,,,,PAC_DONATED
USNA,,,,,,PAC_DONATED
WBD,,,,,,PAC_DONATED
J,,,,,,PAC_DONATED
ABM,,,,,,PAC_DONATED
PRAA,,,,,,PAC_DONATED
MOG.A,,,,,,PAC_DONATED
VSH,,,,,,PAC_DONATED
BTU,True,True,1.0,1.0,111500.0,PAC_DONATED
BG,,,,,,PAC_DONATED
COST,,,,,,PAC_DONATED
UDR,,,,,,PAC_DONATED
CSL,,,,,,PAC_DONATED
TXN,True,True,1.0,1.0,10000.0,PAC_DONATED
DOC,,,,,,PAC_DONATED
CMA,True,False,1.0,0.0,0.0,PAC_NO_DONATIONS
BFH,,,,,,PAC_DONATED
NVR,,,,,,PAC_DONATED
APA,,,,,,PAC_DONATED
NOVT,,,,,,PAC_DONATED
MSM,,,,,,PAC_DONATED
FITB,True,True,1.0,1.0,1500.0,PAC_DONATED
JCI,,,,,,PAC_DONATED
AAL,,,,,,PAC_DONATED
DFIN,,,,,,PAC_DONATED
ULTA,,,,,,PAC_DONATED
MCHP,,,,,,PAC_DONATED
D,True,True,1.0,1.0,181043.54,PAC_DONATED
CW,True,True,1.0,1.0,12429.29,PAC_DONATED
VTLE,,,,,,PAC_DONATED
IRWD,,,,,,PAC_DONATED
SBAC,,,,,,PAC_DONATED
ETN,,,,,,PAC_DONATED
SMP,,,,,,PAC_DONATED
AMBC,,,,,,PAC_DONATED
VREX,,,,,,PAC_DONATED
SLB,,,,,,PAC_DONATED
HALO,,,,,,PAC_DONATED
DT,,,,,,PAC_DONATED
DHR,,,,,,PAC_DONATED
PGNY,,,,,,PAC_DONATED
AVB,,,,,,PAC_DONATED
GPRE,,,,,,PAC_DONATED
STLD,,,,,,PAC_DONATED
NHC,,,,,,PAC_DONATED
IR,,,,,,PAC_DONATED
PII,,,,,,PAC_DONATED
PEB,,,,,,PAC_DONATED
ABBV,True,True,1.0,1.0,22549.87,PAC_DONATED
TRV,,,,,,PAC_DONATED
XEL,True,True,1.0,1.0,36000.0,PAC_DONATED
DGX,True,True,1.0,1.0,56700.0,PAC_DONATED
TXRH,,,,,,PAC_DONATED
LVS,,,,,,PAC_DONATED
BNT,,,,,,PAC_DONATED
HSTM,,,,,,PAC_DONATED
BRKR,,,,,,PAC_DONATED
T,True,False,2.0,0.0,0.0,PAC_NO_DONATIONS
AYI,,,,,,PAC_DONATED
CACI,,,,,,PAC_DONATED
EME,,,,,,PAC_DONATED
JKHY,,,,,,PAC_DONATED
MTB,True,True,1.0,1.0,122200.0,PAC_DONATED
FFIN,,,,,,PAC_DONATED
FORM,,,,,,PAC_DONATED
GS,,,,,,PAC_DONATED
LNTH,,,,,,PAC_DONATED
SMG,,,,,,PAC_DONATED
AVA,,,,,,PAC_DONATED
SNEX,,,,,,PAC_DONATED
CDW,,,,,,PAC_DONATED
EQIX,,,,,,PAC_DONATED
UTHR,,,,,,PAC_DONATED
KDP,True,True,1.0,1.0,14115.59,PAC_DONATED
PLXS,,,,,,PAC_DONATED
MGM,,,,,,PAC_DONATED
CNXC,,,,,,PAC_DONATED
EGP,,,,,,PAC_DONATED
POWI,,,,,,PAC_DONATED
BBWI,,,,,,PAC_DONATED
DTM,,,,,,PAC_DONATED
MYE,,,,,,PAC_DONATED
YELP,,,,,,PAC_DONATED
ESS,,,,,,PAC_DONATED
PAYC,,,,,,PAC_DONATED
AWK,True,True,1.0,1.0,11864.82,PAC_DONATED
QDEL,,,,,,PAC_DONATED
ACGL,,,,,,PAC_DONATED
NTRS,True,True,1.0,1.0,145098.0,PAC_DONATED
INTC,True,False,1.0,0.0,0.0,PAC_NO_DONATIONS
FIVN,,,,,,PAC_DONATED
XPER,,,,,,PAC_DONATED
FNF,True,True,1.0,1.0,217500.0,PAC_DONATED
NYT,,,,,,PAC_DONATED
AKR,,,,,,PAC_DONATED
PSA,,,,,,PAC_DONATED
RGNX,,,,,,PAC_DONATED
WWD,,,,,,PAC_DONATED
GE,True,False,1.0,0.0,0.0,PAC_NO_DONATIONS
SLAB,,,,,,PAC_DONATED
CNA,,,,,,PAC_DONATED
FHN,True,False,2.0,0.0,0.0,PAC_NO_DONATIONS
WEC,,,,,,PAC_DONATED
ZS,,,,,,PAC_DONATED
BEN,,,,,,PAC_DONATED
GIII,,,,,,PAC_DONATED
SPG,,,,,,PAC_DONATED
BOH,True,True,1.0,1.0,2000.0,PAC_DONATED
LAD,,,,,,PAC_DONATED
CPRI,,,,,,PAC_DONATED
KNX,,,,,,PAC_DONATED
KELYA,True,True,1.0,1.0,1200.0,PAC_DONATED
APLS,,,,,,PAC_DONATED
GBX,,,,,,PAC_DONATED
DINO,,,,,,PAC_DONATED
SSTK,,,,,,PAC_DONATED
AMCX,,,,,,PAC_DONATED
TOST,,,,,,PAC_DONATED
ETD,,,,,,PAC_DONATED
CAKE,,,,,,PAC_DONATED
KLAC,,,,,,PAC_DONATED
NFE,,,,,,PAC_DONATED
BALL,True,True,1.0,1.0,896752.35,PAC_DONATED
HRB,True,True,1.0,1.0,88416.72,PAC_DONATED
CPF,,,,,,PAC_DONATED
UNFI,,,,,,PAC_DONATED
ZBRA,,,,,,PAC_DONATED
NET,,,,,,PAC_DONATED
SJM,,,,,,PAC_DONATED
XRAY,,,,,,PAC_DONATED
PRDO,,,,,,PAC_DONATED
AES,,,,,,PAC_DONATED
HOG,,,,,,PAC_DONATED
PINS,,,,,,PAC_DONATED
EXAS,,,,,,PAC_DONATED
CG,,,,,,PAC_DONATED
FE,True,True,1.0,1.0,8000.0,PAC_DONATED
PFE,True,True,1.0,1.0,328433.43,PAC_DONATED
CLX,,,,,,PAC_DONATED
VRTS,,,,,,PAC_DONATED
CMC,True,True,1.0,1.0,19400.0,PAC_DONATED
LYFT,,,,,,PAC_DONATED
GLPI,,,,,,PAC_DONATED
GRMN,,,,,,PAC_DONATED
TRIP,,,,,,PAC_DONATED
OVV,,,,,,PAC_DONATED
PG,,,,,,PAC_DONATED
GLW,True,True,1.0,1.0,16702.84,PAC_DONATED
IIPR,,,,,,PAC_DONATED
ROK,,,,,,PAC_DONATED
HAL,True,True,1.0,1.0,120000.0,PAC_DONATED
PPC,,,,,,PAC_DONATED
CRC,,,,,,PAC_DONATED
DAL,,,,,,PAC_DONATED
EVR,,,,,,PAC_DONATED
KMI,,,,,,PAC_DONATED
ESTC,,,,,,PAC_DONATED
MO,True,True,1.0,1.0,160803.81,PAC_DONATED
PCAR,True,True,1.0,1.0,24940.0,PAC_DONATED
MAA,,,,,,PAC_DONATED
PEN,,,,,,PAC_DONATED
XYL,,,,,,PAC_DONATED
AKAM,,,,,,PAC_DONATED
TROW,,,,,,PAC_DONATED
POR,,,,,,PAC_DONATED
FDS,,,,,,PAC_DONATED
STWD,,,,,,PAC_DONATED
SEDG,,,,,,PAC_DONATED
ENTG,,,,,,PAC_DONATED
ZBH,True,True,1.0,1.0,90336.0,PAC_DONATED
MKTX,,,,,,PAC_DONATED
MCD,,,,,,PAC_DONATED
WOLF,,,,,,PAC_DONATED
MYGN,,,,,,PAC_DONATED
APH,,,,,,PAC_DONATED
HSY,,,,,,PAC_DONATED
TRN,True,True,1.0,1.0,9400.0,PAC_DONATED
LNW,,,,,,PAC_DONATED
ICE,,,,,,PAC_DONATED
ROL,True,False,1.0,0.0,0.0,PAC_NO_DONATIONS
CSCO,True,True,1.0,1.0,7000.0,PAC_DONATED
AA,True,True,1.0,1.0,4000.0,PAC_DONATED
OKTA,,,,,,PAC_DONATED
PSTG,,,,,,PAC_DONATED
CDNS,,,,,,PAC_DONATED
XHR,,,,,,PAC_DONATED
OMF,,,,,,PAC_DONATED
HUM,True,True,1.0,1.0,97594.89,PAC_DONATED
