CMTE_ID,CMTE_NM,CONNECTED_ORG_NM,CMTE_TP,ORG_TP,committee_name_clean,TOTAL_AMOUNT,HAS_DONATED,FIRST_CYCLE,LAST_CYCLE
C00002790,OLIN CORPORATION GOOD GOVERNMENT FUND,OLIN CORPORATION,Q,C,olin corporation good government,0.0,False,,
C00004952,ELECTRIC COOPERATIVES OF MISSISSIPPI ACTION COMMITTEE FOR RURAL ELECTRIFICATION,ELECTRIC COOPERATIVES OF MISSISSIPPI,Q,C,electric cooperatives mississippi rural electrification,0.0,False,,
C00008151,FIRST HORIZON CORPORATION FEDERAL PAC,FIRST HORIZON CORPORATION,Q,C,first horizon corporation federal,0.0,False,,
C00008474,CITIGROUP INC. POLITICAL ACTION COMMITTEE - FEDERAL (CITIGROUP PAC-FEDERAL),CITIGROUP INC.,Q,C,citigroup inc federal citigroup federal,0.0,False,,
C00010520,MEREDITH CORPORATION EMPLOYEES FUND FOR BETTER GOVERNMENT,MEREDITH CORPORATION EMPLOYEES FUND FOR BETTER GOVERNMENT,Q,C,meredith corporation better government,0.0,False,,
C00012245,UBS AMERICAS INC. POLITICAL ACTION COMMITTEE (UBS PAC),UBS AMERICAS INC.,Q,C,ubs americas inc ubs,0.0,False,,
C00012310,BLACK & VEATCH POLITICAL ACTION COMMITTEE (BLACK & VEATCH PAC),BLACK & VEATCH,Q,C,black veatch black veatch,0.0,False,,
C00018036,U.S. BANCORP POLITICAL PARTICIPATION PROGRAM,U.S. BANCORP FEDERAL POLITICAL ACTION COMMITTEE,Q,C,u s bancorp participation program,0.0,False,,
C00024869,GENERAL ELECTRIC COMPANY POLITICAL ACTION COMMITTEE (GEPAC),GENERAL ELECTRIC COMPANY,Q,C,general electric company gepac,0.0,False,,
C00025395,PUBLIC SERVICE COMPANY OF NEW MEXICO RESPONSIBLE CITIZENS GROUP - FEDERAL,PUBLIC SERVICE CO OF NM,Q,C,public service company new mexico responsible citizens group federal,0.0,False,,
C00025536,"ZF AUTOMOTIVE US, INC. POLITICAL ACTION COMMITTEE (A/K/A ZF AUTOMOTIVE US PAC)","ZF AUTOMOTIVE US, INC.",Q,C,zf automotive us inc a k a zf automotive us,0.0,False,,
C00030676,UNITED STATES STEEL CORPORATION POLITICAL ACTION COMMITTEE,UNITED STATES STEEL CORPORATION,Q,C,united states steel corporation,0.0,False,,
C00032607,SYNOVUS FINANCIAL CORP. FUND FOR EFFECTIVE LEADERSHIP,SYNOVUS FINANCIAL CORP.,Q,C,synovus financial corp effective leadership,0.0,False,,
C00033423,"HSBC NORTH AMERICA FEDERAL, STATE AND LOCAL POLITICAL ACTION COMMITTEE (HSBC COMBINED PAC)",HSBC NORTH AMERICA,Q,C,hsbc north america federal state local hsbc combined,0.0,False,,
C00033555,"FLOWERS FOODS, INC. POLITICAL ACTION COMMITTEE",FLOWERS FOODS INC.,Q,C,flowers foods inc,0.0,False,,
C00033704,FMC CORPORATION GOOD GOVERNMENT PROGRAM,FMC CORPORATION,Q,C,fmc corporation good government program,0.0,False,,
C00033969,NOVARTIS CORPORATION POLITICAL ACTION COMMITTEE,NOVARTIS CORPORATION,Q,C,novartis corporation,0.0,False,,
C00034132,FLUOR CORPORATION POLITICAL ACTION COMMITTEE (FLUOR PAC),FLUOR CORPORATION,Q,C,fluor corporation fluor,0.0,False,,
C00034470,"DIAGEO NORTH AMERICA, INC.  EMPLOYEES' POLITICAL PARTICIPATION COMMITTEE","DIAGEO NORTH AMERICA, INC.",Q,C,diageo north america inc participation,0.0,False,,
C00034488,ANHEUSER-BUSCH COMPANIES INC. POLITICAL ACTION COMMITTEE,ANHEUSER-BUSCH COMPANIES INC.,Q,C,anheuser busch companies inc,0.0,False,,
C00034884,ALTICOR POLITICAL ACTION COMMITTEE ALTIPAC,"ALTICOR, INC",Q,C,alticor altipac,0.0,False,,
C00035675,BRISTOL-MYERS SQUIBB COMPANY POLITICAL ACTION COMMITTEE (BMS PAC),BRISTOL-MYERS SQUIBB COMPANY,Q,C,bristol myers squibb company bms,0.0,False,,
C00039503,SHELL OIL COMPANY EMPLOYEES' POLITICAL AWARENESS COMMITTEE,SHELL OIL COMPANY,Q,C,shell oil company awareness,0.0,False,,
C00039552,KELLOGG COMPANY BETTER GOVERNMENT COMMITTEE,KELLOGG COMPANY,Q,C,kellogg company better government,0.0,False,,
C00040238,INTERNATIONAL TEXTILE GROUP GOOD GOVERNMENT COMMITTEE,INTERNATIONAL TEXTILE GROUP INC,Q,C,international textile group good government,0.0,False,,
C00040568,MARATHON OIL COMPANY EMPLOYEES POLITICAL ACTION COMMITTEE (MEPAC),MARATHON OIL COMPANY,Q,C,marathon oil company mepac,0.0,False,,
C00040840,NAVISTAR INC. GOOD GOVERNMENT COMMITTEE,"NAVISTAR, INC.",Q,C,navistar inc good government,0.0,False,,
C00041038,AVISTA EMPLOYEES FOR EFFECTIVE GOVERNMENT,AVISTA EMPLOYEES FOR EFFECTIVE GOVERNMENT,Q,C,avista effective government,0.0,False,,
C00042002,REYNOLDS AMERICAN INC. POLITICAL ACTION COMMITTEE; RAI PAC,REYNOLDS AMERICAN INC.,Q,C,reynolds american inc rai,0.0,False,,
C00042663,KANSAS CITY LIFE INSURANCE COMPANY EMPLOYEES' POLITICAL ACTION COMMITTEE-FUND II,KANSAS CITY LIFE INSURANCE COMPANY,Q,C,kansas city life insurance company ii,0.0,False,,
C00042895,"PENNEYPAC - J.C.PENNEY CORP., INC. POLITICAL ACTION COMMITTEE",JCPENNEY COPORATION,Q,C,penneypac j c penney corp inc,0.0,False,,
C00048165,ZACHRY CORPORATION POLITICAL ACTION COMMITTEE (ZACOPAC),ZACHRY CORPORATION,Q,C,zachry corporation zacopac,0.0,False,,
C00048579,SALT RIVER VALLEY WATER USERS' ASSOCIATION POLITICAL INVOLVEMENT COMMITTEE ( SRPPIC),SALT RIVER VALLEY WATER USERS' ASSOCIATION POLITICAL INVOLVEMENT COMMITTEE ( SRPPIC),Q,C,salt river valley water users association involvement srppic,0.0,False,,
C00048702,NATIONAL GRID USA POLITICAL ACTION COMMITTEE,NATIONAL GRID USA,Q,C,national grid usa,0.0,False,,
C00060103,BP CORPORATION NORTH AMERICA INC. POLITICAL ACTION COMMITTEE,BP CORPORATION NORTH AMERICA INC,Q,C,bp corporation north america inc,0.0,False,,
C00064766,UNITED PARCEL SERVICE INC. PAC,UNITED PARCEL SERVICE INC.,Q,C,united parcel service inc,0.0,False,,
C00068056,NORTHWESTERN ENERGY MONTANA EMPLOYEE PAC,NORTHWESTERN ENERGY,Q,C,northwestern energy montana employee,0.0,False,,
C00068528,PACIFIC LIFE INSURANCE COMPANY POLITICAL ACTION COMMITTEE,PACIFIC LIFE INSURANCE COMPANY,Q,C,pacific life insurance company,0.0,False,,
C00072769,ROCHE DIAGNOSTICS CORPORATION PAC (ROCHE DXPAC),ROCHE DIAGNOSTICS CORPORATION,Q,C,roche diagnostics corporation roche dxpac,0.0,False,,
C00072967,"COMMERCE BANCSHARES, INC., PAC","COMMERCE BANCSHARES, INC.",Q,C,commerce bancshares inc,0.0,False,,
C00075994,ASHLAND LLC POLITICAL ACTION COMMITTEE FOR EMPLOYEES (PACE),ASHLAND LLC,Q,C,ashland llc pace,0.0,False,,
C00076174,NATIONWIDE MUTUAL INSURANCE COMPANY POLITICAL ACTION COMMITTEE,NATIONWIDE,Q,C,nationwide mutual insurance company,0.0,False,,
C00076737,SOUTHWEST GAS CORPORATION POLITICAL ACTION COMMITTEE,SOUTHWEST GAS CORPORATION,Q,C,southwest gas corporation,0.0,False,,
C00077305,ALABAMA POWER CO EMPLOYEES FEDERAL POLITICAL ACTION CMTE (APC EMPLOYEES FEDERAL PAC),ALABAMA POWER COMPANY,Q,C,alabama power co federal cmte apc federal,0.0,False,,
C00078451,GENERAL DYNAMICS CORPORATION POLITICAL ACTION COMMITTEE (GDC PAC),GENERAL DYNAMICS CORPORATION,Q,C,general dynamics corporation gdc,0.0,False,,
C00082800,PACIFICORP - PACIFIC POWER/ROCKY MOUNTAIN POWER PAC,PACIFICORP,Q,C,pacificorp pacific power rocky mountain power,0.0,False,,
C00083832,IDA-PAC POLITICAL ACTION COMMITTEE,NONE,Q,C,ida,0.0,False,,
C00085316,CIGNA CORPORATION POLITICAL ACTION COMMITTEE,CIGNA CORPORATION,Q,C,cigna corporation,0.0,False,,
C00087155,FIRST FINANCIAL CORPORATION POLITICAL ACTION COMMITTEE,CITIZENS STATE BANK WOODVILLE TEXAS POLITICAL ACTION COMMITTEE,Q,C,first financial corporation,0.0,False,,
C00087478,CINCINNATI BELL INC FEDERAL PAC,CINCINNATI BELL INC,Q,C,cincinnati bell inc federal,0.0,False,,
C00089342,"T-MOBILE US, INC./SPRINT CORPORATION POLITICAL ACTION COMMITTEE","T-MOBILE USA, INC.  POLITICAL ACTION COMMITTEE (T-PAC)",Q,C,t mobile us inc sprint corporation,0.0,False,,
C00090209,YRC WORLDWIDE INC. PAC,YRC WORLDWIDE INC.,Q,C,yrc worldwide inc,0.0,False,,
C00093096,BASIC AMERICAN INC. POLITICAL ACTION COMMITTEE DBA BASIC AMERICAN FOODS PAC,NONE,Q,C,basic american inc dba basic american foods,0.0,False,,
C00093179,AUSTIN INDUSTRIES COMPANIES POLITICAL ACTION COMMITTEE,AUSTIN INDUSTRIES COMPANIES POLITICAL ACTION COMMITTEE,Q,C,austin industries companies,0.0,False,,
C00094573,ELECT - THE PAC OF THE ALABAMA FARMERS FEDERATION,ALABAMA FARMERS FEDERATION *,Q,C,elect alabama farmers federation,0.0,False,,
C00094581,MUTUAL OF OMAHA COMPANIES PAC (IMPAC),MUTUAL OF OMAHA,Q,C,mutual omaha companies impac,0.0,False,,
C00095109,AZOA SERVICES CORPORATION POLITICAL ACTION COMMITTEE (ALLIANZ OF AMERICA PAC),AZOA SERVICES CORPORATION,Q,C,azoa services corporation allianz america,0.0,False,,
C00095117,GRAND TRUNK WESTERN RAILROAD CO. - ILLINOIS CENTRAL RAILROAD CO. PAC (GTW-IC PAC),GRAND TRUNK WESTERN RAILROAD COMPANY,Q,C,grand trunk western railroad co illinois central railroad co gtw ic,0.0,False,,
C00097485,"MERCK & CO., INC., EMPLOYEES POLITICAL ACTION COMMITTEE (MERCK PAC)","MERCK & CO., INC.",Q,C,merck co inc merck,0.0,False,,
C00097568,EMPLOYEES OF RAYTHEON TECHNOLOGIES CORPORATION PAC,RAYTHEON TECHNOLOGIES CORPORATION,Q,C,raytheon technologies corporation,0.0,False,,
C00098061,TARGET CORPORATION CITIZENS POLITICAL FORUM (TARGETCITIZENS POLITICAL FORUM),TARGET CORPORATION,Q,C,target corporation citizens forum targetcitizens forum,0.0,False,,
C00099945,WEC ENERGY GROUP PAC,WEC ENERGY GROUP INC/INTEGRYS PAC,Q,C,wec energy group,0.0,False,,
C00100131,THE GOODYEAR TIRE & RUBBER COMPANY GOOD GOVERNMENT FUND (GOODYEAR GOOD GOVERNMENT FUND),THE GOODYEAR TIRE & RUBBER COMPANY GOOD GOVERNMENT FUND (GOODYEAR GOOD GOVERNMENT FUND),Q,C,goodyear tire rubber company good government goodyear good government,0.0,False,,
C00100305,"PETER PAN SEAFOODS, INC. POLITICAL ACTION COMMITTEE  (1220 ASSOCIATES)","PETER PAN SEAFOODS, INC.",Q,C,peter pan seafoods inc 1220 associates,0.0,False,,
C00102152,WASHINGTON GAS LIGHT COMPANY PAC,WASHINGTON GAS LIGHT COMPANY,Q,C,washington gas light company,0.0,False,,
C00102160,EVERSOURCE ENERGY POLITICAL ACTION COMMITTEE (EVERSOURCEPAC),EVERSOURCE ENERGY,Q,C,eversource energy eversourcepac,0.0,False,,
C00103549,PARSONS CORPORATION POLITICAL ACTION COMMITTEE,PARSONS CORPORATION,Q,C,parsons corporation,0.0,False,,
C00103697,"BECHTEL GROUP, INC. POLITICAL ACTION COMMITTEE (BECHTEL POLITICAL ACTION COMMITTEE)",BECHTEL,Q,C,bechtel group inc bechtel,0.0,False,,
C00103903,"HDR, INC. POLITICAL ACTION COMMITTEE","HDR, INC.",Q,C,hdr inc,0.0,False,,
C00104083,RITE AID CORPORATION PAC,RITE AID CORPORATION,Q,C,rite aid corporation,0.0,False,,
C00109017,AT&T INC./WARNERMEDIA LLC FEDERAL POLITICAL ACTION COMMITTEE (AT&T/WARNERMEDIA FEDERAL PAC),AT&T INC.,Q,C,at t inc warnermedia llc federal at t warnermedia federal,0.0,False,,
C00110262,BRUNSWICK CORPORATION GOOD GOVERNMENT FUND,BRUNSWICK CORPORATION,Q,C,brunswick corporation good government,0.0,False,,
C00110577,"LINCOLN NATIONAL CORPORATION POLITICAL ACTION COMMITTEE (AKA LINCOLN FINANCIAL GROUP POLITICAL ACTION COMMITTEE, LFGPAC)",LINCOLN NATIONAL CORPORATION,Q,C,lincoln national corporation aka lincoln financial group lfgpac,0.0,False,,
C00111104,THE NEWHALL LAND AND FARMING COMPANY POLITICAL ACTION COMMITTEE,THE NEWHALL LAND AND FARMING COMPANY,Q,C,newhall land farming company,0.0,False,,
C00111559,CREDIT SUISSE SECURITIES (USA) LLC POLITICAL ACTION COMMITTEE,CREDIT SUISSE SECURITIES (USA) LLC,Q,C,credit suisse securities usa llc,0.0,False,,
C00114702,OCEAN SPRAY CRANBERRIES INC. POLITICAL ACTION COMMITTEE,"OCEAN SPRAY CRANBERRIES, INC",Q,C,ocean spray cranberries inc,0.0,False,,
C00115568,INTERNATIONAL UNION OF OPERATING ENGINEERS LOCAL 4 SOCIAL ACTION COMMITTEE-FEDERAL,INTERNATIONAL UNION OF OPERATING ENGINEERS LOCAL 4,Q,C,international union operating engineers local 4 social federal,0.0,False,,
C00116996,LENNOX EMPLOYEE ADVOCACY PROGRAM LENNOX INTERNATIONAL INC,NONE,Q,C,lennox employee advocacy program lennox international inc,0.0,False,,
C00117424,WESTROCK POLITICAL ACTION COMMITTEE,WESTROCK COMPANY,Q,C,westrock,0.0,False,,
C00118703,GATX CORPORATION GOOD GOVERNMENT PROGRAM,GATX CORPORATION,Q,C,gatx corporation good government program,0.0,False,,
C00120006,"SECURIAN, INC PAC","SECURIAN, INC",Q,C,securian inc,0.0,False,,
C00120873,J. R. SIMPLOT COMPANY POLITICAL ACTION COMMITTEE,J.R. SIMPLOT COMPANY,Q,C,j r simplot company,0.0,False,,
C00121277,KING RANCH INC POLITICAL ACTION COMMITTEE-FEDERAL,NONE,Q,C,king ranch inc federal,0.0,False,,
C00125641,INTEL CORPORATION EMPLOYEE GOVERNMENT ACTION FUND,INTEL CORPORATION,Q,C,intel corporation employee government,0.0,False,,
C00126789,LONE ROCK TIMBER MANAGEMENT COMPANY POLITICAL ACTION COMMITTEE (LONE ROCK PAC),LONE ROCK TIMBER MANAGEMENT CO,Q,C,lone rock timber management company lone rock,0.0,False,,
C00126847,KAMAN CORP. GOOD GOVT. FUND,KAMAN CORP.,Q,C,kaman corp good govt,0.0,False,,
C00128918,PRINCIPAL LIFE INSURANCE COMPANY POLITICAL ACTION COMMITTEE,PRINCIPAL LIFE INSURANCE COMPANY,Q,C,principal life insurance company,0.0,False,,
C00129122,"AEROJET ROCKETDYNE, INC PAC",AEROJET ROCKETDYNE INC.,Q,C,aerojet rocketdyne inc,0.0,False,,
C00131219,ROLLINS INC POLITICAL ACTION COMMITTEE,ROLLINS INC,Q,C,rollins inc,0.0,False,,
C00135681,"FARMERS GROUP, INC., FARMERS INSURANCE EXCHANGE, FIRE INSURANCE EXCHANGE AND TRUCK INSURANCE EXCHANGE POLITICAL ACTION COMMITTEE AKA FARMERS INSURANCE PAC","FARMERS GROUP, INC.",Q,C,farmers group inc farmers insurance exchange fire insurance exchange truck insurance exchange aka farmers insurance,0.0,False,,
C00137265,JOHN HANCOCK LIFE INSURANCE COMPANY (USA) FEDERAL POLITICAL ACTION COMMITTEE,JOHN HANCOCK LIFE INSURANCE COMPANY (USA),Q,C,john hancock life insurance company usa federal,0.0,False,,
C00139279,MICHIGAN CREDIT UNION LEAGUE LEGISLATIVE ACTION FUND,CULAC (C0007880),Q,C,michigan credit union league legislative,0.0,False,,
C00141218,EXELON CORPORATION POLITICAL ACTION COMMITTEE (EXELON PAC),EXELON CORPORATION,Q,C,exelon corporation exelon,0.0,False,,
C00141382,"GANNETT FLEMING, INC  PAC","GANNETT FLEMING, INC.",Q,C,gannett fleming inc,0.0,False,,
C00142158,COVANTA ENERGY LLC POLITICAL ACTION COMMITTEE (COVANTA PAC),COVANTA HOLDING CORPORATION,Q,C,covanta energy llc covanta,0.0,False,,
C00142299,JACOBS GOOD GOVERNMENT FUND OF JACOBS ENGINEERING GROUP INC.,JACOBS ENGINEERING GROUP INC.,Q,C,jacobs good government jacobs engineering group inc,0.0,False,,
C00142372,PENN MUTUAL LIFE INSURANCE COMPANY POLITICAL ACTION COMMITTEE,PENN MUTUAL LIFE INSURANCE COMPANY POLITICAL ACTION COMMITTEE,Q,C,penn mutual life insurance company,0.0,False,,
C00142489,ALLETE PAC,"ALLETE, INC.",Q,C,allete,0.0,False,,
C00143164,"ONEAMERICA FINANCIAL PARTNERS, INC. PAC","ONEAMERICA FINANCIAL PARTNERS, INC. PAC",Q,C,oneamerica financial partners inc,0.0,False,,
C00144345,SANOFI US SERVICES INC. EMPLOYEES' POLITICAL ACTION COMMITTEE,SANOFI US SERVICES INC,Q,C,sanofi us services inc,0.0,False,,
C00145037,"SOUTHERN COMPANY GAS PAC, INC.",SOUTHERN COMPANY GAS,Q,C,southern company gas inc,0.0,False,,
C00147231,CROWLEY MARITIME CORPORATION FEDERAL PAC,CROWLEY MARITIME CORPORATION FEDERAL PAC,Q,C,crowley maritime corporation federal,0.0,False,,
C00148510,"WAWA, INC. POLITICAL ACTION COMMITTEE",WAWA INC,Q,C,wawa inc,0.0,False,,
C00152892,NATIONAL SOCIETY OF PROFESSIONAL SURVEYORS INC NSPS PAC,NONE,Q,C,national society professional surveyors inc nsps,0.0,False,,
C00153379,NV ENERGY POLITICAL ACTION COMMITTEE,NV ENERGY,Q,C,nv energy,0.0,False,,
C00153445,NATIONAL HEALTH CORPORATION POLITICAL ACTION COMMITTEE,NATIONAL HEALTH CORPORATION,Q,C,national health corporation,0.0,False,,
C00155564,FLORIDA RIGHT TO LIFE POLITICAL ACTION COMMITTEE,FLORIDA RIGHT TO LIFE INC,Q,C,florida right to life,0.0,False,,
C00155853,CONTINENTAL GRAIN COMPANY POLITICAL ACTION COMMITTEE,WAYNE FARMS POLITICAL ACTION COMMITTEE,Q,C,continental grain company,0.0,False,,
C00160077,UNITED COMMUNITY BANKERS PAC (BANCFIRST CORP),NONE,Q,C,united community bankers bancfirst corp,0.0,False,,
C00160630,"DRUMMOND COMPANY, INC. POLITICAL ACTION COMMITTEE (DPAC)","DRUMMOND COMPANY, INC.",Q,C,drummond company inc dpac,0.0,False,,
C00160770,WALGREEN CO PAC (WALGREENSPAC),WALGREEN CO,Q,C,walgreen co walgreenspac,0.0,False,,
C00161414,PROTECTIVE LIFE CORPORATION FEDERAL POLITICAL ACTION COMMITTEE ('PROTECTPAC'),PROTECTIVE LIFE CORPORATION,Q,C,protective life corporation federal protectpac,0.0,False,,
C00161422,TECO ENERGY INC EMPLOYEES' PAC,"TECO ENERGY, INC.",Q,C,teco energy inc,0.0,False,,
C00161570,"AMERICAN PUBLIC POWER ASSOCIATION, PUBLIC OWNERSHIP OF ELECTRIC RESOURCES PAC",AMERICAN PUBLIC POWER ASSOCIATION,Q,C,american public power association public ownership electric resources,0.0,False,,
C00161604,COOPERATIVE OF AMERICAN PHYSICIANS FEDERAL POLITICAL ACTION COMMITTEE,COOPERATIVE OF AMERICAN PHYSICIANS,Q,C,cooperative american physicians federal,0.0,False,,
C00161901,"EQUITABLE HOLDINGS, INC. POLITICAL ACTION COMMITTEE (EQUITABLE PAC)","EQUITABLE HOLDINGS, INC.",Q,C,equitable holdings inc equitable,0.0,False,,
C00163873,EMPLOYERS MUTUAL CASUALTY COMPANY COMMITTEE FOR RESPONSIBLE FEDERAL GOVERNMENT,EMC INSURANCE COMPANIES,Q,C,employers mutual casualty company responsible federal government,0.0,False,,
C00165365,G4S SECURE SOLUTIONS (USA) PAC,G4S SECURE SOLUTIONS (USA) PAC,Q,C,g4s secure solutions usa,0.0,False,,
C00165878,"CLECO POLITICAL ACTION COMMITTEE, CLECO CORPORATION",CLECO CORPORATION,Q,C,cleco cleco corporation,0.0,False,,
C00166553,STEPHENS INC. FEDERAL POLITICAL ACTION COMMITTEE,STEPHENS INC,Q,C,stephens inc federal,0.0,False,,
C00166892,"BLUE BELL CREAMERIES USA, INC PAC","BLUE BELL CREAMERIES USA, INC PAC",Q,C,blue bell creameries usa inc,0.0,False,,
C00167668,ARCH RESOURCES INC. POLITICAL ACTION COMMITTEE (ARCHPAC),"ARCH RESOURCES, INC.",Q,C,arch resources inc archpac,0.0,False,,
C00168120,MCGLINCHEY STAFFORD POLITICAL ACTION COMMITTEE (MACPAC),MCGLINCHEY STAFFORD MINTZ CELLINI LANG,Q,C,mcglinchey stafford macpac,0.0,False,,
C00168203,"THE PHOENIX COMPANIES, INC. - PAC FEDERAL","THE PHOENIX COMPANIES, INC.",Q,C,phoenix companies inc federal,0.0,False,,
C00168864,"THE HARTFORD FINANCIAL SERVICES GROUP, INC. PAC (AKA THE HARTFORD ADVOCATES FUND)","THE HARTFORD FINANCIAL SERVICES GROUP, INC. FEDERAL PAC (AKA HARTFORD ADVOCATES FEDERAL FUND)",Q,C,hartford financial services group inc aka hartford advocates,0.0,False,,
C00169441,"DICKIE, MCCAMEY & CHILCOTE, PC POLITICAL ACTION COMMITTEE","DICKIE, MCCAMEY & CHILCOTE, PC",Q,C,dickie mccamey chilcote pc,0.0,False,,
C00171843,LIBERTY MUTUAL INSURANCE COMPANY - PAC,LIBERTY MUTUAL INSURANCE COMPANY,Q,C,liberty mutual insurance company,0.0,False,,
C00172635,BASS BROTHERS ENTERPRISES INC. - POLITICAL ACTION COMMITTEE,NONE,Q,C,bass brothers enterprises inc,0.0,False,,
C00174367,NORTHWEST NATURAL GAS POLITICAL ACTION COMMITTEE,NW NATURAL,Q,C,northwest natural gas,0.0,False,,
C00176388,TEXAS INDUSTRIES INC POLITICAL ACTION COMM,TEXAS INDUSTRIES INC POLITICAL ACTION COMM,Q,C,texas industries inc comm,0.0,False,,
C00177436,UNUM GROUP POLITICAL ACTION COMMITTEE (UNUMPAC),UNUM GROUP,Q,C,unum group unumpac,0.0,False,,
C00177741,ASPLUNDH TREE EXPERT CO POLITICAL ACTION COMMITTEE (ATE PAC),ASPLUNDH TREE EXPERT CO POLITICAL ACTION COMMITTEE (ATE PAC),Q,C,asplundh tree expert co ate,0.0,False,,
C00178012,PEOPLE'S BANK FEDERAL POLITICAL ACTION COMMITTEE,PEOPLE'S BANK FEDERAL POLITICAL ACTION COMMITTEE,Q,C,people s bank federal,0.0,False,,
C00181529,1ST SOURCE CORPORATION POLITICAL ACTION COMMITTEE,1ST SOURCE CORPORATION,Q,C,1st source corporation,0.0,False,,
C00182980,ARKEMA INC POLITICAL ACTION COMMITTEE,ARKEMA INC,Q,C,arkema inc,0.0,False,,
C00183426,ERICKSON & SEDERSTROM P C POLITICAL ACTION COMMITTEE,"ERICKSON & SEDERSTROM, P C",Q,C,erickson sederstrom p c,0.0,False,,
C00183962,BANCORP SOUTH BANK PAC FKA BANK OF MISSISSIPPI OFFICERS VOLUNTARY POLITICAL COMMITTEE,BANCORPSOUTH BANK,Q,C,bancorp south bank fka bank mississippi officers voluntary,0.0,False,,
C00185520,UNIVERSAL HEALTH SERVICES EMPLOYEES' GOOD GOVERNMENT FUND,"PSYCHIATRIC SOLUTIONS, INC. FED PAC",Q,C,universal health services good government,0.0,False,,
C00187799,NORTHWESTERN ENERGY EMPLOYEES PAC,NORTHWESTERN ENEREGY,Q,C,northwestern energy,0.0,False,,
C00191759,RENASANT BANK EMPLOYEES' VOLUNTARY POLITICAL COMMITTEE,PEOPLES BANK & TRUST COMPANY,Q,C,renasant bank voluntary,0.0,False,,
C00192906,"FIRST MIDWEST BANCORP, INC GOVERNMENT AFFAIRS FUND",FIRST MIDWEST BANCORP INC GOVERNMENT AFFAIRS FUND,Q,C,first midwest bancorp inc government affairs,0.0,False,,
C00193169,STANDARD INSURANCE COMPANY POLITICAL ACTION COMMITTEE (STAN-PAC),STANDARD INSURANCE COMPANY,Q,C,standard insurance company stan,0.0,False,,
C00194126,BEAM SUNTORY INC POLITICAL ACTION COMMITTEE,BEAM SUNTORY INC,Q,C,beam suntory inc,0.0,False,,
C00194555,WINSTEAD PC POLITICAL ACTION COMMITTEE,WINSTEAD PC,Q,C,winstead pc,0.0,False,,
C00195362,"DENTONS COHEN & GRIGSBY P.C., POLITICAL ACTION COMMITTEE",DENTONS COHEN & GRIGSBY P.C.,Q,C,dentons cohen grigsby p c,0.0,False,,
C00195388,BUCHANAN INGERSOLL & ROONEY PC COMMITTEE FOR EFFECTIVE GOVERNMENT 'BIRPC PAC',BUCHANAN INGERSOLL & ROONEY PC,Q,C,buchanan ingersoll rooney pc effective government birpc,0.0,False,,
C00197228,"ANTHEM, INC. POLITICAL ACTION COMMITTEE (ANTHEM PAC)","ANTHEM, INC.",Q,C,anthem inc anthem,0.0,False,,
C00197749,THE WALT DISNEY PRODUCTIONS EMPLOYEES PAC,WALT DISNEY PRODUCTIONS,Q,C,walt disney productions,0.0,False,,
C00197863,ALTICE USA PAC,ALTICE USA,Q,C,altice usa,0.0,False,,
C00199257,GENENTECH INC. POLITICAL ACTION COMMITTEE,GENENTECH INC.,Q,C,genentech inc,0.0,False,,
C00199497,"VIZIENT, INC., POLITICAL ACTION COMMITTEE","VIZIENT, INC.",Q,C,vizient inc,0.0,False,,
C00199703,GLAXOSMITHKLINE LLC PAC (GSK PAC),GLAXOSMITHKLINE LLC,Q,C,glaxosmithkline llc gsk,0.0,False,,
C00200329,IOWA FARM BUREAU FEDERATION POLITICAL ACTION COMMITTEE/FB PAC,FBL FINANCIAL GROUP INC. PAC,Q,C,iowa farm bureau federation fb,0.0,False,,
C00201491,INTERGRAPH CORPORATION POLITICAL ACTION COMMITTEE,INTERGRAPH CORPORATION,Q,C,intergraph corporation,0.0,False,,
C00202085,"JAFFE, RAITT, HEUER & WEISS POLITICAL COMMITTEE",NONE,Q,C,jaffe raitt heuer weiss,0.0,False,,
C00204180,"FUELCELL ENERGY, INC. PAC","FUELCELL ENERGY, INC.",Q,C,fuelcell energy inc,0.0,False,,
C00206136,AMEREN FEDERAL POLITICAL ACTION COMMITTEE (AMERENFED PAC),AMEREN CORPORATION,Q,C,ameren federal amerenfed,0.0,False,,
C00207258,XEROX CORPORATION POLITICAL ACTION COMMITTEE (XPAC),XEROX CORPORATION,Q,C,xerox corporation xpac,0.0,False,,
C00207472,THE BRINK'S COMPANY POLITICAL ACTION COMMITTEE,THE BRINK'S COMPANY,Q,C,brink s company,0.0,False,,
C00208249,EMPIRE DISTRICT ELECTRIC COMPANY AND LIBERTY UTILITIES CO. POLITICAL ACTION COMMITTEE D/B/A LIBERTY UTILITIES PAC,EMPIRE DISTRICT ELECTRIC COMPANY,Q,C,empire district electric company liberty utilities co d b a liberty utilities,0.0,False,,
C00208322,MANAGEMENT AND TRAINING CORPORATION POLITICAL ACTION COMMITTEE,MANAGMENT & TRAINING CORPORATION,Q,C,management training corporation,0.0,False,,
C00208983,MANTECH INTERNATIONAL CORPORATION POLITICAL ACTION COMMITTEE   ( A.K.A 'MANTECH PAC'),MANTECH INTERNATIONAL CORPORATION,Q,C,mantech international corporation a k a mantech,0.0,False,,
C00210526,AMERICAN FIDELITY CORPORATION POLITICAL ACTION COMMITTEE,AMERICAN FIDELITY CORPORATION,Q,C,american fidelity corporation,0.0,False,,
C00210617,OHIOHEALTH STAR CORPORATION POLITICAL ACTION COMMITTEE DBA OHIOHEALTH PAC,OHIOHEALTH STAR CORPORATION POLITICAL ACTION COMMITTEE DBA OHIOHEALTH PAC,Q,C,ohiohealth star corporation dba ohiohealth,0.0,False,,
C00213231,"A DUDA & SONS, INC POLITICAL ACTION COMMITTEE","A DUDA & SONS, INC POLITICAL ACTION COMMITTEE",Q,C,a duda sons inc,0.0,False,,
C00213348,"HOLCIM (US) INC. AND AGGREGATE INDUSTRIES MANAGEMENT, INC. EMPLOYEES PAC  (A/K/A LAFARGEHOLCIM USA EMPLOYEES PAC)",HOLCIM (US) INC.,Q,C,holcim us inc aggregate industries management inc a k a lafargeholcim usa,0.0,False,,
C00214072,"UNIVERSAL LEAF TOBACCO COMPANY, INCORPORATED POLITICAL ACTION COMMITTEE (FEDERAL)","UNIVERSAL LEAF TOBACCO COMPANY, INCORPORATED",Q,C,universal leaf tobacco company incorporated federal,0.0,False,,
C00214304,"AHOLD DELHAIZE USA, INC POLITICAL ACTION COMMITTEE","AHOLD DELHAIZE USA, INC.",Q,C,ahold delhaize usa inc,0.0,False,,
C00214338,"L BRANDS, INC./LIMITED BRANDS POLITICAL ACTION COMMITTEE (LIMITED BRANDS PAC)","L BRANDS, INC.",Q,C,l brands inc limited brands limited brands,0.0,False,,
C00214379,HUNTER ENGINEERING COMPANY PAC,HUNTER ENGINEERING COMPANY PAC,Q,C,hunter engineering company,0.0,False,,
C00214866,STV GROUP INC POLITICAL ACTION COMMITTEE,"STV GROUP, INCORPORATED",Q,C,stv group inc,0.0,False,,
C00215053,SWEDISH MATCH NORTH AMERICA LLC PAC,SWEDISH MATCH NORTH AMERICA LLC,Q,C,swedish match north america llc,0.0,False,,
C00215129,GREYHOUND LINES POLITICAL ACTION COMMITTEE,GREYHOUND LINES,Q,C,greyhound lines,0.0,False,,
C00215285,GENERAL ATOMICS POLITICAL ACTION COMMITTEE,GENERAL ATOMICS POLITICAL ACTION COMMITTEE,Q,C,general atomics,0.0,False,,
C00215558,"MCLANE COMPANY, INC. FEDERAL POLITICAL ACTION COMMITTEE","MCLANE COMPANY, INC",Q,C,mclane company inc federal,0.0,False,,
C00216184,ANESTHESIA SERVICE MEDICAL GROUP ADVOCACY FUND,ANESTHESIA SERVICE MEDICAL GROUP ADVOCACY FUND,Q,C,anesthesia service medical group advocacy,0.0,False,,
C00216770,MATERION CORPORATION POLITICAL ACTION COMMITTEE,MATERION CORPORATION,Q,C,materion corporation,0.0,False,,
C00217471,MAERSK INC. POLITICAL ACTION COMMITTEE (MAERSK PAC),MAERSK INC.,Q,C,maersk inc maersk,0.0,False,,
C00217877,SOUTHERN GLAZER'S WINE AND SPIRITS PAC,SOUTHERN GLAZER'S WINE AND SPIRITS,Q,C,southern glazer s wine spirits,0.0,False,,
C00219642,"ENTERPRISE HOLDINGS, INC. POLITICAL ACTION COMMITTEE","ENTERPRISE HOLDINGS, INC.",Q,C,enterprise holdings inc,0.0,False,,
C00221226,TENNESSEE RIGHT TO LIFE POLITICAL ACTION COMMITTEE,TENNESSEE RIGHT TO LIFE INC,Q,C,tennessee right to life,0.0,False,,
C00224147,GREAT SOUTHERN BANK EMPLOYEES GOOD GOVERNMENT COMMITTEE,GREAT SOUTHERN BANK,Q,C,great southern bank good government,0.0,False,,
C00224790,GRAYROBINSON P.A. POLITICAL ACTION COMMITTEE,GRAYROBINSON P.A.,Q,C,grayrobinson p a,0.0,False,,
C00226548,VISTRA ENERGY LEADERS POLITICAL ACTION COMMITTEE OF VISTRA CORP.,VISTRA CORP.,Q,C,vistra energy leaders vistra corp,0.0,False,,
C00227546,MICROSOFT CORPORATION POLITICAL ACTION COMMITTEE,MICROSOFT CORPORATION,Q,C,microsoft corporation,0.0,False,,
C00228379,"ROETZEL & ANDRESS CO, LPA FSL PAC","ROETZEL & ANDRESS CO, LPA FSL PAC",Q,C,roetzel andress co lpa fsl,0.0,False,,
C00228924,COMMUNITY BANCSHARES OF MISSISSIPPI INC. POLITICAL ACTION COMMITTEE,"COMMUNITY BANCSHARES OF MISSISSIPPI, INC.",Q,C,community bancshares mississippi inc,0.0,False,,
C00232272,PAN-AMERICAN LIFE INSURANCE COMPANY PAC (PALIC PAC),PAN-AMERICAN LIFE INSURANCE COMPANY,Q,C,pan american life insurance company palic,0.0,False,,
C00234120,"UNITED STATES SUGAR CORPORATION EMPLOYEE STOCK OWNERSHIP PLAN POLITICAL ACTION COMMITTEE,","UNITED STATES SUGAR CORPORATION EMPLOYEE STOCK OWNERSHIP PLAN POLITICAL ACTION COMMITTEE,",Q,C,united states sugar corporation employee stock ownership plan,0.0,False,,
C00236414,TRANSAMERICA CORPORATION PAC,TRANSAMERICA,Q,C,transamerica corporation,0.0,False,,
C00236489,"KOCH INDUSTRIES, INC. POLITICAL ACTION COMMITTEE (KOCHPAC)","KOCH INDUSTRIES, INC.",Q,C,koch industries inc kochpac,0.0,False,,
C00236760,ULLICO INC. POLITICAL ACTION COMMITTEE (ULLIPAC),ULLICO INC.,Q,C,ullico inc ullipac,0.0,False,,
C00237065,PORTLAND CEMENT ASSOCIATION INC. (CEMENT PAC),PORTLAND CEMENT ASSOCIATION,Q,C,portland cement association inc cement,0.0,False,,
C00238311,"AIR TRANSPORT SERVICES GROUP, INC. PAC","AIR TRANSPORT SERVICES GROUP, INC. PAC",Q,C,air transport services group inc,0.0,False,,
C00238691,"CORRIDOR 67, INC POLITICAL ACTION COMMITTEE - PAC 67","CORRIDOR 67, INC.",Q,C,corridor 67 inc 67,0.0,False,,
C00239780,PHILIPS NORTH AMERICA LLC POLITICAL ACTION COMMITTEE,PHILIPS NORTH AMERICA LLC,Q,C,philips north america llc,0.0,False,,
C00239947,"CAESARS ENTERTAINMENT, INC. POLITICAL ACTION COMMITTEE","CAESARS ENTERTAINMENT, INC.",Q,C,caesars entertainment inc,0.0,False,,
C00243659,HY-VEE INC EMPLOYEES' POLITICAL ACTION COMMITTEE,"HY-VEE, INC.",Q,C,hy vee inc,0.0,False,,
C00243675,RIO TINTO AMERICA INC. PAC,RIO TINTO AMERICA INC.,Q,C,rio tinto america inc,0.0,False,,
C00247262,"MAGELLAN HEALTH, INC. EMPLOYEE COMMITTEE FOR GOOD GOVERNMENT","MAGELLAN HEALTH, INC.",Q,C,magellan health inc employee good government,0.0,False,,
C00248047,"BROUSE & MCDOWELL, A LEGAL PROFESSIONAL ASSOCIATION FSL PAC","BROUSE & MCDOWELL, A LEGAL PROFESSIONAL ASSOCIATION FSL PAC",Q,C,brouse mcdowell a legal professional association fsl,0.0,False,,
C00253369,"INVESCO HOLDING COMPANY (US), INC. POLITICAL ACTION COMMITTEE","INVESCO HOLDING COMPANY (US), INC.",Q,C,invesco holding company us inc,0.0,False,,
C00253468,FEDERAL AGRICULTURAL MORTGAGE CORPORATION POLITICAL ACTION COMMITTEE,FEDERAL AGRICULTURAL MORTGAGE CORPORATION POLITICAL ACTION COMMITTEE,Q,C,federal agricultural mortgage corporation,0.0,False,,
C00254953,JACKSON HOLDINGS LLC AND JACKSON NATIONAL LIFE INSURANCE COMPANY SEPARATE SEGREGATED FUND (JACKSON NATIONAL PAC),JACKSON HOLDINGS LLC AND JACKSON NATIONAL LIFE INSURANCE COMPANY,Q,C,jackson holdings llc jackson national life insurance company separate segregated jackson national,0.0,False,,
C00255877,THE OPTIONS CLEARING CORPORATION PAC,THE OPTIONS CLEARING CORPORATION,Q,C,options clearing corporation,0.0,False,,
C00257246,GAP INC. POLITICAL ACTION COMMITTEE; THE,GAP INC.,Q,C,gap inc,0.0,False,,
C00258236,"EMD SERONO, INC. POLITICAL ACTION COMMITTEE","EMD SERONO, INC.",Q,C,emd serono inc,0.0,False,,
C00260331,NEW JERSEY RIGHT TO  LIFE COMMITTEE FEDERAL PAC,NEW JERSEY RIGHT TO LIFE,Q,C,new jersey right to life federal,0.0,False,,
C00263483,"S&T BANK/S&T BANCORP, INC. POLITICAL ACTION COMMITTEE","S&T BANK/S&T BANCORP, INC. POLITICAL ACTION COMMITTEE",Q,C,s t bank s t bancorp inc,0.0,False,,
C00268987,AMICA MUTUAL INSURANCE COMPANY/FED-POLITICAL ACTION COMMITTEE,AMICA MUTUAL INSURANCE COMPANY,Q,C,amica mutual insurance company fed,0.0,False,,
C00270967,"CAPITAL BLUEPAC, THE POLITICAL ACTION COMMITTEE OF CAPITAL BLUECROSS","BLUEPAC, THE BLUECROSS AND BLUESHIELD ASSOCIATION POLITICAL ACTION COMMITTEE",Q,C,capital bluepac capital bluecross,0.0,False,,
C00272724,MAYNARD COOPER & GALE PC PAC,MAYNARD COOPER & GALE,Q,C,maynard cooper gale pc,0.0,False,,
C00275529,"FIRSTCASH, INC. POLITICAL ACTION COMMITTEE","FIRSTCASH, INC.",Q,C,firstcash inc,0.0,False,,
C00276592,INTERNATIONAL BANK OF COMMERCE COMMITTEE FOR IMPROVEMENT AND BETTERMENT OF THE COUNTRY,INTERNATIONAL BANK OF COMMERCE,Q,C,international bank commerce improvement betterment country,0.0,False,,
C00277152,ROGERS GROUP INC. POLITICAL ACTION COMMITTEE,ROGERS GROUP INC.,Q,C,rogers group inc,0.0,False,,
C00277988,"WINTHROP & WEINSTINE, P.A. POLITICAL FUND","WINTHROP & WEINSTINE, P.A.",Q,C,winthrop weinstine p a,0.0,False,,
C00279216,IHEARTMEDIA INC. PAC,IHEARTMEDIA INC.,Q,C,iheartmedia inc,0.0,False,,
C00279224,APACHE CORPORATION POLITICAL ACTION COMMITTE (APACHEPAC),APACHE CORPORATION,Q,C,apache corporation committe apachepac,0.0,False,,
C00279331,CONSOL ENERGY INC. PAC,"CONSOL ENERGY, INC.",Q,C,consol energy inc,0.0,False,,
C00279497,POLARIS INDUSTRIES POLITICAL PARTICIPATION PROGRAM,POLARIS INDUSTRIES INC,Q,C,polaris industries participation program,0.0,False,,
C00280008,AKERMAN LLP PAC,AKERMAN LLP,Q,C,akerman llp,0.0,False,,
C00280156,SUEZ WATER INC. FEDERAL PAC,SUEZ WATER INC.,Q,C,suez water inc federal,0.0,False,,
C00281162,BAYER U.S. LLC POLITICAL ACTION COMMITTEE,BAYER U.S. LLC,Q,C,bayer u s llc,0.0,False,,
C00281675,BUZZI UNICEM USA INC POLITICAL ACTION COMMITTEE,BUZZI UNICEM USA INC.,Q,C,buzzi unicem usa inc,0.0,False,,
C00282038,"SONY PICTURES ENTERTAINMENT, INC. PAC","SONY PICTURES ENTERTAINMENT, INC.",Q,C,sony pictures entertainment inc,0.0,False,,
C00282566,"GRAPHIC PACKAGING INTERNATIONAL, LLC POLITICAL ACTION COMMITTEE","GRAPHIC PACKAGING INTERNATIONAL, LLC",Q,C,graphic packaging international llc,0.0,False,,
C00282921,WINSTON & STRAWN LLP POLITICAL ACTION COMMITTEE,NONE,Q,C,winston strawn llp,0.0,False,,
C00283440,LINDE INC. POLITICAL ACTION COMMITTEE,"LINCARE HOLDINGS, INC. EMPLOYEE ACTION FUND",Q,C,linde inc,0.0,False,,
C00286922,CAREFIRST BLUECROSS BLUESHIELD ASSOCIATES' FEDERAL PAC,CAREFIRST BLUE CROSS BLUESHIELD,Q,C,carefirst bluecross blueshield associates federal,0.0,False,,
C00287003,WSP USA INC. PAC,WSP USA INC. PAC,Q,C,wsp usa inc,0.0,False,,
C00287714,HOLLAND AMERICA LINE INC. PAC (HALPAC),HOLLAND AMERICA LINE INC. PAC (HALPAC),Q,C,holland america line inc halpac,0.0,False,,
C00288712,AVIENT CORP. POLITICAL ACTION COMMITTEE,AVIENT CORP. POLITICAL ACTION COMMITTEE,Q,C,avient corp,0.0,False,,
C00290973,AK STEEL CORPORATION POLITICAL ACTION COMMITTEE,AK STEEL CORPORATION,Q,C,ak steel corporation,0.0,False,,
C00292094,GENESIS HEALTHCARE INC PAC,GENESIS HEALTHCARE INC.,Q,C,genesis healthcare inc,0.0,False,,
C00296657,OHIO NATIONAL FINANCIAL SERVICES POLITICAL ACTION COMMITTEE,OHIO NATIONAL FINANCIAL SERVICES POLITICAL ACTION COMMITTEE,Q,C,ohio national financial services,0.0,False,,
C00296822,ROLLS-ROYCE NORTH AMERICA HOLDINGS INC. PAC (ROLLS-ROYCE NORTH AMERICA PAC),ROLLS-ROYCE NORTH AMERICA HOLDINGS INC.,Q,C,rolls royce north america holdings inc rolls royce north america,0.0,False,,
C00297085,EASTMAN KODAK COMPANY EMPLOYEE POLITICAL ACTION COMMITTEE,EASTMAN KODAK COMPANY,Q,C,eastman kodak company employee,0.0,False,,
C00300863,FIRST NATIONAL OF NEBRASKA PAC,FIRST NATIONAL OF NEBRASKA INC,Q,C,first national nebraska,0.0,False,,
C00301424,"ATTORNEYS' TITLE GUARANTY FUND, INC. FEDERAL POLITICAL ACTION COMMITTEE","ATTORNEYS' TITLE GUARANTY FUND, INC.",Q,C,attorneys title guaranty inc federal,0.0,False,,
C00302695,GRANGE INSURANCE FEDERAL PAC,GRANGE INSURANCE,Q,C,grange insurance federal,0.0,False,,
C00302844,HIGHMARK PAC OF HIGHMARK INC.,HIGHMARK INC.,Q,C,highmark highmark inc,0.0,False,,
C00303685,NORTH AMERICAN COAL CORP. POLITICAL ACTION COMM. NACPAC,THE NORTH AMERICAN COAL CORPORATION,Q,C,north american coal corp comm nacpac,0.0,False,,
C00304477,OSHKOSH CORPORATION EMPLOYEES PAC (OCEPAC),OSHKOSH CORPORATION,Q,C,oshkosh corporation ocepac,0.0,False,,
C00307249,"CITIZENS FINANCIAL GROUP, INC. POLITICAL ACTION COMMITTEE (CITIZENS PAC)","CITIZENS FINANCIAL GROUP, INC.",Q,C,citizens financial group inc citizens,0.0,False,,
C00311142,"TROUTMAN PEPPER HAMILTON SANDERS LLP POLITICAL ACTION COMMITTEE, INC.",NONE,Q,C,troutman pepper hamilton sanders llp inc,0.0,False,,
C00311308,THE TIMKEN COMPANY GOOD GOVERNMENT FUND,THE TIMKEN COMPANY,Q,C,timken company good government,0.0,False,,
C00312223,BLUE CROSS AND BLUE SHIELD OF NORTH CAROLINA EMPLOYEE POLITICAL ACTION COMMITTEE,BLUE CROSS AND BLUE SHIELD OF NORTH CAROLINA EMPLOYEE POLITICAL ACTION COMMITTEE,Q,C,blue cross blue shield north carolina employee,0.0,False,,
C00312777,COZEN O'CONNOR POLITICAL ACTION COMMITTEE,COZEN O'CONNOR,Q,C,cozen o connor,0.0,False,,
C00313700,TRANS UNION LLC POLITICAL ACTION COMMITTEE,TRANSUNION LLC,Q,C,trans union llc,0.0,False,,
C00314054,AMERICAN AIR LIQUIDE HOLDINGS INC PAC,AMERICAN AIR LIQUIDE HOLDINGS INC,Q,C,american air liquide holdings inc,0.0,False,,
C00317297,FBL FINANCIAL GROUP INC PAC,"FBL FINANCIAL GROUP, INC.",Q,C,fbl financial group inc,0.0,False,,
C00319194,GEORGIA OILMEN'S ASSOCIATION INC PAC (GOAPAC),GEORGIA OILMEN'S ASSOC INC,Q,C,georgia oilmen s association inc goapac,0.0,False,,
C00321158,"SALEM MEDIA GROUP POLITICAL ACTION COMMITTEE (SALEM MEDIA GROUP, INC.)","SALEM MEDIA GROUP, INC.",Q,C,salem media group salem media group inc,0.0,False,,
C00321406,WEBSTER BANK PAC - FEDERAL,WEBSTER BANK,Q,C,webster bank federal,0.0,False,,
C00321802,VT HALTER MARINE INC POLITICAL ACTION COMMITTEE,NONE,Q,C,vt halter marine inc,0.0,False,,
C00324103,NCR CORPORATION POLITICAL ACTION COMMITTEE (NCRPAC),NCR CORPORATION,Q,C,ncr corporation ncrpac,0.0,False,,
C00325647,FIRST COMMAND FINANCIAL PLANNING INC. PAC,FIRST COMMAND FINANCIAL PLANNING INC.,Q,C,first command financial planning inc,0.0,False,,
C00325811,SABRE GLBL INC. POLITICAL ACTION COMMITTEE,SABRE GLBL INC.,Q,C,sabre glbl inc,0.0,False,,
C00326330,WAFFLE HOUSE INC POLITICAL ACTION COMMITTEE (WAFFLE HOUSE PAC),NONE,Q,C,waffle house inc waffle house,0.0,False,,
C00326868,THE AMALGAMATED SUGAR COMPANY LLC POLITICAL ACTION COMMITTEE,SNAKE RIVER SUGAR COMPANY POLITICAL ACTION COMMITTEE,Q,C,amalgamated sugar company llc,0.0,False,,
C00327072,SANTANDER HOLDINGS USA INC. PAC (SANTANDER US PAC),SANTANDER HOLDINGS USA INC.,Q,C,santander holdings usa inc santander us,0.0,False,,
C00329631,HOMESTREET INC POLITICAL ACTION COMMITTEE (HOMESTREET PAC),HOMESTREET INC.,Q,C,homestreet inc homestreet,0.0,False,,
C00331835,NAVIENT CORPORATION PAC (NAVIENT PAC),NAVIENT CORPORATION,Q,C,navient corporation navient,0.0,False,,
C00332395,VIATRIS INC. POLITICAL ACTION COMMITTEE (VIAPAC),VIATRIS INC.,Q,C,viatris inc viapac,0.0,False,,
C00332833,CARDINAL HEALTH INC. PAC AKA CARDINAL HEALTH COMPANIES PAC FEC ID C00332833,CARDINAL HEALTH INC.,Q,C,cardinal health inc aka cardinal health companies fec id c00332833,0.0,False,,
C00334193,FIRST CITIZENS BANCSHARES INC POLITICAL ACTION COMMITTEE (FIRST CITIZENS BANCSHARES PAC),FIRST CITIZENS BANCSHARES INC POLITICAL ACTION COMMITTEE (FIRST CITIZENS BANCSHARES PAC),Q,C,first citizens bancshares inc first citizens bancshares,0.0,False,,
C00334581,KOMATSU MINING CORP. POLITICAL ACTION COMMITTEE,KOMATSU MINING CORP.,Q,C,komatsu mining corp,0.0,False,,
C00335000,NOVA CHEMICALS INC & NOVA CHEMICALS SRVCS INC COMMITTEE FOR POLITICAL ACTION & ENGAGEMENT,NOVA CHEMICALS INC & NOVA CHEMICALS SRVCS INC COMMITTEE FOR POLITICAL ACTION & ENGAGEMENT,Q,C,nova chemicals inc nova chemicals srvcs inc engagement,0.0,False,,
C00335570,"ACADIAN AMBULANCE  SERVICE EMPLOYEE FEDERAL POLITICAL ACTION COMMITTEE, INC.","ACADIAN AMBULANCE  SERVICE EMPLOYEE FEDERAL POLITICAL ACTION COMMITTEE, INC.",Q,C,acadian ambulance service employee federal inc,0.0,False,,
C00336768,ARVEST BANK GROUP INC PAC INC,"ARVEST BANK GROUP, INC.",Q,C,arvest bank group inc inc,0.0,False,,
C00336834,ENCOVA CIVIC FUND (OF THE MOTORISTS MUTUAL INSURANCE COMPANY CIVIC FUND),MOTORISTS MUTUAL INSURANCE COMPANY CIVIC FUND,Q,C,encova civic motorists mutual insurance company civic,0.0,False,,
C00337113,AFFINITY FEDERAL CREDIT UNION POLITICAL ACTION COMMITTEE (AFFINITY PAC),AFFINITY FEDERAL CREDIT UNION,Q,C,affinity federal credit union affinity,0.0,False,,
C00340075,BASF CORPORATION EMPLOYEES POLITICAL ACTION COMMITTEE,BASF CORPORATION,Q,C,basf corporation,0.0,False,,
C00340364,BLUE SHIELD OF CALIFORNIA POLITICAL ACTION COMMITTEE,BLUEPAC - BLUE CROSS BLUE SHIELD ASSOCIATION PAC,Q,C,blue shield california,0.0,False,,
C00340455,"AQUA AMERICA, INC. H2O POLITICAL ACTION COMMITTEE","AQUA AMERICA, INC.",Q,C,aqua america inc h2o,0.0,False,,
C00341271,DAY & ZIMMERMANN INC FEDERAL PAC (AKA 'DAYPAC - FEDERAL'),"DAY & ZIMMERMANN, INC.",Q,C,day zimmermann inc federal aka daypac federal,0.0,False,,
C00341602,SOUTHWEST AIRLINES CO. FREEDOM FUND,SOUTHWEST AIRLINES CO,Q,C,southwest airlines co freedom,0.0,False,,
C00342022,"WELLMARK, INC. PAC (WELLPAC)","WELLMARK, INC.",Q,C,wellmark inc wellpac,0.0,False,,
C00342766,HOLLYFRONTIER CORPORATION PAC,HOLLYFRONTIER CORPORATION PAC,Q,C,hollyfrontier corporation,0.0,False,,
C00343681,"PECKHAM INDUSTRIES, INC. FEDERAL PAC","PECKHAM INDUSTRIES, INC. FEDERAL PAC",Q,C,peckham industries inc federal,0.0,False,,
C00343749,GOVERNMENT EMPLOYEES INSURANCE COMPANY POLITICAL ACTION COMMITTEE,BERKSHIRE HATHAWAY ENERGY COMPANY PAC,Q,C,government insurance company,0.0,False,,
C00344663,"RESCARE, INC. DBA BRIGHTSPRING HEALTH SERVICES LEGACY FUND (BRIGHTSPRING LEGACY FUND)","RES-CARE, INC. DBA BRIGHTSPRING HEALTH SERVICES",Q,C,rescare inc dba brightspring health services legacy brightspring legacy,0.0,False,,
C00345355,BROOKFIELD PROPERTIES RETAIL INC. PAC,BROOKFIELD PROPERTIES RETAIL INC.,Q,C,brookfield properties retail inc,0.0,False,,
C00345603,UNISYS CORPORATION ASSOCIATES PAC,UNISYS CORPORATION,Q,C,unisys corporation associates,0.0,False,,
C00345793,RELX INC. POLITICAL ACTION COMMITTEE,RELX INC.,Q,C,relx inc,0.0,False,,
C00346353,"CRH AMERICAS, INC. PAC","CRH AMERICAS, INC.",Q,C,crh americas inc,0.0,False,,
C00347955,"LIFEPOINT HEALTH PAC - THE PAC OF LIFEPOINT CORPORATE SERVICES, GENERAL PARTNERSHIP (LCSGP) AND FACILITIES WHICH ARE SUBSIDIARIES OF LIFEPOINT HEALTH (COLLECTIVELY LIFEPOINT)","LIFEPOINT CORPORATE SERVICES, GENERAL PARTNERSHIP (LCSGP) AND FACILITIES WHICH ARE SUBSIDIARIES OF LIFEPOINT HEALTH (COLLECTIVELY LIFEPOINT)",Q,C,lifepoint health lifepoint corporate services general partnership lcsgp facilities which are subsidiaries lifepoint health collectively lifepoint,0.0,False,,
C00348276,"GTT COMMUNICATIONS, INC. PAC (GTT PAC)","GTT COMMUNICATIONS, INC. PAC (GTT PAC)",Q,C,gtt communications inc gtt,0.0,False,,
C00349373,GULF STATES TOYOTA INC FEDERAL POLITICAL ACTION COMMITTEE,"GULF STATES TOYOTA, INC.",Q,C,gulf states toyota inc federal,0.0,False,,
C00350835,THE ACXIOM LLC ASSOCIATES PAC,ACXIOM LLC,Q,C,acxiom llc associates,0.0,False,,
C00350884,RESOLUTE FOREST PRODUCTS US INC POLITICAL ACTION COMMITTEE,RESOLUTE FOREST PRODUCTS US INC.,Q,C,resolute forest products us inc,0.0,False,,
C00351924,BOK FINANCIAL CORPORATION POLITICAL ACTION COMMITTEE,BOK FINANCIAL CORP.,Q,C,bok financial corporation,0.0,False,,
C00353797,SIEMENS CORPORATION PAC,SIEMENS CORPORATION,Q,C,siemens corporation,0.0,False,,
C00354290,"AMERICAN FAMILY MUTUAL INSURANCE COMPANY, S.I. FEDERAL PAC (AMFAM PAC)","AMERICAN FAMILY MUTUAL INSURANCE COMPANY, S.I.",Q,C,american family mutual insurance company s i federal amfam,0.0,False,,
C00355719,CENTRUS ENERGY CORP. PAC,CENTRUS ENERGY CORP.,Q,C,centrus energy corp,0.0,False,,
C00356345,E*TRADE FINANCIAL CORPORATION PAC,E*TRADE FINANCIAL CORPORATION,Q,C,e trade financial corporation,0.0,False,,
C00358119,MONTANA CONSERVATION VOTERS CONGRESSIONAL ACTION FUND,MONTANA CONSERVATION VOTERS,Q,C,montana conservation voters congressional,0.0,False,,
C00358234,HEINEKEN USA INC GOOD GOVERNMENT FUND,HEINEKEN USA INC.,Q,C,heineken usa inc good government,0.0,False,,
C00360362,SCHWAN'S COMPANY POLITICAL ACTION COMMITTEE,SCHWAN'S COMPANY,Q,C,schwan s company,0.0,False,,
C00361014,SODEXO INC. POLITICAL ACTION COMMITTEE,SODEXO INC.,Q,C,sodexo inc,0.0,False,,
C00361949,TRIUMPH GROUP INC PAC,TRIUMPH GROUP INC,Q,C,triumph group inc,0.0,False,,
C00362640,CALPINE CORPORATION PAC,CALPINE CORPORATION,Q,C,calpine corporation,0.0,False,,
C00363853,"TRUEBLUE, INC. POLITICAL ACTION COMMITTEE","TRUEBLUE, INC.",Q,C,trueblue inc,0.0,False,,
C00363879,ENTERGY CORPORATION POLITICAL ACTION COMMITTEE (ENPAC),ENTERGY CORPORATION,Q,C,entergy corporation enpac,0.0,False,,
C00367375,SAP AMERICA INC PAC,"SAP AMERICA, INC.",Q,C,sap america inc,0.0,False,,
C00368720,STERIS CORPORATION EMPLOYEE POLITICAL ACTION COMMITTEE (A.K.A. STERIS EMPLOYEE PAC),STERIS CORPORATION,Q,C,steris corporation employee a k a steris employee,0.0,False,,
C00368902,"DAVID VOLKERT & ASSOCIATES, INC. POLITICAL ACTION COMMITTEE ('DVA/HC PAC')","DAVID VOLKERT & ASSOCIATES, INC.",Q,C,david volkert associates inc dva hc,0.0,False,,
C00368993,WINNING STRATEGIES WASHINGTON PAC,NONE,Q,C,winning strategies washington,0.0,False,,
C00369058,"VAN SCOYOC ASSOCIATES, INC. PAC",VAN SCOYOC ASSOCIATES,Q,C,van scoyoc associates inc,0.0,False,,
C00370015,NELNET INC PAC (NELNET PAC),"NELNET, INC.",Q,C,nelnet inc nelnet,0.0,False,,
C00370023,ANALYTICAL GRAPHICS INC PAC (AGI PAC),ANALYTICAL GRAPHICS INC,Q,C,analytical graphics inc agi,0.0,False,,
C00370270,COOPER TIRE & RUBBER COMPANY POLITICAL ACTION COMMITTEE,COOPER TIRE & RUBBER COMPANY POLITICAL ACTION COMMITTEE,Q,C,cooper tire rubber company,0.0,False,,
C00370577,WORLD ACCEPTANCE CORPORATION POLITICAL ACTION COMMITTEE,WORLD ACCEPTANCE CORPORATION,Q,C,world acceptance corporation,0.0,False,,
C00370585,MAXAR TECHNOLOGIES INC. PAC (MAXARPAC),MAXAR TECHNOLOGIES INC.,Q,C,maxar technologies inc maxarpac,0.0,False,,
C00371088,INTERACTIVE CORP POLITICAL ACTION COMMITTEE AKA IACPAC,IAC/INTERACTIVECORP,Q,C,interactive corp aka iacpac,0.0,False,,
C00371385,ALEX LEE INC PAC,"ALEX LEE, INC.",Q,C,alex lee inc,0.0,False,,
C00371948,BRIDGESTONE AMERICAS INC. PAC,BRIDGESTONE AMERICAS INC.,Q,C,bridgestone americas inc,0.0,False,,
C00372979,RADIANCE TECHNOLOGIES INC. POLITICAL ACTION COMMITTEE,NONE,Q,C,radiance technologies inc,0.0,False,,
C00373217,PENSKE TRUCK LEASING CO LP POLITICAL ACTION COMMITTEE,PENSKE TRUCK LEASING CORPORATION,Q,C,penske truck leasing co lp,0.0,False,,
C00373837,GROUP 1 AUTOMOTIVE INC. PAC,GROUP 1 AUTOMOTIVE INC,Q,C,group 1 automotive inc,0.0,False,,
C00374066,"SMITH & NEPHEW, INC. PAC (S+N PAC)",NONE,Q,C,smith nephew inc s n,0.0,False,,
C00375568,ENGIE NORTH AMERICA INC. PAC (ENA PAC),ENGIE NORTH AMERICA,Q,C,engie north america inc ena,0.0,False,,
C00376863,WESTFIELD FEDERAL EMPLOYEE POLITICAL ACTION COMMITTEE OF OHIO FARMERS INSURANCE COMPANY,OHIO FARMERS INSURANCE COMPANY,Q,C,westfield federal employee ohio farmers insurance company,0.0,False,,
C00377044,AT&T INC./WARNERMEDIA LLC OHIO EMPLOYEE POLITICAL ACTION COMMITTEE (AT&T/WARNERMEDIA OHIO PAC),AT&T INC.,Q,C,at t inc warnermedia llc ohio employee at t warnermedia ohio,0.0,False,,
C00377168,FEMINIST MAJORITY PAC,FEMINIST MAJORITY,Q,C,feminist majority,0.0,False,,
C00378083,PRODUCERS RICE MILL INC PAC,PRODUCERS RICE MILL INC,Q,C,producers rice mill inc,0.0,False,,
C00378661,"BEALL'S PAC USA, INC.",BEALL'S INC.,Q,C,beall s usa inc,0.0,False,,
C00379420,CIT GROUP INC PAC (CIT PAC),CIT GROUP INC.,Q,C,cit group inc cit,0.0,False,,
C00379768,"EXPERIAN NORTH AMERICA, INC POLITICAL ACTION COMMITTEE (EXPERIAN PAC)",EXPERIAN NORTH AMERICA INC.,Q,C,experian north america inc experian,0.0,False,,
C00380527,"PERNOD RICARD USA, LLC POLITICAL ACTION COMMITTEE",PERNOD RICARD USA LLC,Q,C,pernod ricard usa llc,0.0,False,,
C00380535,VERIZON MEDIA/OATH INC. POLITICAL ACTION COMMITTEE (VERIZON MEDIA PAC),OATH INC.,Q,C,verizon media oath inc verizon media,0.0,False,,
C00383992,PERSPECTA INC. POLITICAL ACTION COMMITTEE (A.K.A. 'PERSPECTA PAC'),PERSPECTA INC.,Q,C,perspecta inc a k a perspecta,0.0,False,,
C00385120,"21ST CENTURY ONCOLOGY, INC. POLITICAL ACTION COMMITTEE","21ST CENTURY ONCOLOGY, INC",Q,C,21st century oncology inc,0.0,False,,
C00385849,EXELON CORPORATION-PEPCO HOLDINGS INC. POLITICAL ACTION COMMITTEE (PHI PAC),EXELON CORPORATION,Q,C,exelon corporation pepco holdings inc phi,0.0,False,,
C00385989,"ATKINS US HOLDINGS, INC. PAC","ATKINS US HOLDINGS, INC",Q,C,atkins us holdings inc,0.0,False,,
C00386128,GENTEX CORPORATION POLITICAL ACTION COMMITTEE; THE,GENTEX CORPORATION POLITICAL ACTION COMMITTEE; THE,Q,C,gentex corporation,0.0,False,,
C00387753,SECURITY FINANCE CORPORATION OF SPARTANBURG AND AFFILIATES POLITICAL ACTION COMMITTEE,SECURITY FINANCE CORPORATION OF SPARTANBURG,Q,C,security finance corporation spartanburg affiliates,0.0,False,,
C00387878,"ENERGYSOLUTIONS, INC. FUND FOR EFFECTIVE GOVERNMENT (ENERGYSOLUTIONS PAC)","ENERGYSOLUTIONS, INC.",Q,C,energysolutions inc effective government energysolutions,0.0,False,,
C00387894,GCI COMMUNICATION CORP. PAC (GCI PAC),GCI COMMUNICATION CORP.,Q,C,gci communication corp gci,0.0,False,,
C00388132,PRIDE MOBILITY PRODUCTS CORP PAC,PRIDE MOBILITY PRODUCTS CORP,Q,C,pride mobility products corp,0.0,False,,
C00388462,ITC HOLDINGS CORP. PAC (ITC PAC),ITC HOLDINGS CORP.,Q,C,itc holdings corp itc,0.0,False,,
C00388827,ROCK HOLDINGS INC. PAC,ROCK HOLDINGS INC.,Q,C,rock holdings inc,0.0,False,,
C00388983,ARCADIS U.S. INC. POLITICAL ACTION COMMITTEE (ARCADIS PAC),ARCADIS U.S. INC.,Q,C,arcadis u s inc arcadis,0.0,False,,
C00389288,CHESAPEAKE ENERGY CORPORATION FED PAC,CHESAPEAKE ENERGY CORPORATION,Q,C,chesapeake energy corporation fed,0.0,False,,
C00389429,CALPORTLAND COMPANY POLITICAL ACTION COMMITTEE (CALPORTLAND PAC),CALPORTLAND COMPANY,Q,C,calportland company calportland,0.0,False,,
C00389585,GLOBAL MEDICAL RESPONSE INC. POLITICAL ACTION COMMITTEE,GLOBAL MEDICAL RESPONSE INC.,Q,C,global medical response inc,0.0,False,,
C00390583,"BHFS-E, PC PAC (BROWNSTEIN HYATT FARBER SCHRECK POLITICAL ACTION COMMITTEE)","BHFS-E, PC",Q,C,bhfs e pc brownstein hyatt farber schreck,0.0,False,,
C00390963,ARDENT LEGACY HOLDINGS LLC GOOD GOVERNMENT FUND,ARDENT LEGACY HOLDINGS LLC,Q,C,ardent legacy holdings llc good government,0.0,False,,
C00391979,HERZOG PAC,HERZOG,Q,C,herzog,0.0,False,,
C00392464,UNIVERSAL MUSIC GROUP EMPLOYEE ACTION FUND,UNIVERSAL MUSIC GROUP,Q,C,universal music group employee,0.0,False,,
C00393173,COMERICA INCORPORATED POLTICAL ACTION COMMITTEE,COMERICA INCORPORATED,Q,C,comerica incorporated poltical,0.0,False,,
C00393298,HERBALIFE INTERNATIONAL INC. PAC,HERBALIFE INTERNATIONAL INC.,Q,C,herbalife international inc,0.0,False,,
C00394460,MCDONALD HOPKINS LLC PAC,MCDONALD HOPKINS LLC,Q,C,mcdonald hopkins llc,0.0,False,,
C00394650,JBS USA LLC PAC,JBS USA LLC,Q,C,jbs usa llc,0.0,False,,
C00395285,FRAMATOME INC PAC,FRAMATOME INC.,Q,C,framatome inc,0.0,False,,
C00397083,PROFESSIONAL ASSOCIATION FOR CUSTOMER ENGAGEMENT PAC,PROFESSIONAL ASSOCIATION FOR CUSTOMER ENGAGEMENT PAC,Q,C,professional association customer engagement,0.0,False,,
C00397554,WORTHINGTON INDUSTRIES PAC,WORTHINGTON INDUSTRIES,Q,C,worthington industries,0.0,False,,
C00397711,"MAGELLAN MIDSTREAM HOLDINGS GP, LLC POLITICAL ACTION COMMITTEE","MAGELLAN MIDSTREAM HOLDINGS GP, LLC",Q,C,magellan midstream holdings gp llc,0.0,False,,
C00397893,SSA MARINE INC. GOOD GOVERNMENT FUND,SSA MARINE INC.,Q,C,ssa marine inc good government,0.0,False,,
C00398271,ENVISION HEALTHCARE CORPORATION POLITICAL ACTION COMMITTEE,ENVISION HEALTHCARE CORPORATION,Q,C,envision healthcare corporation,0.0,False,,
C00400929,AMERISOURCEBERGEN CORPORATION POLITICAL ACTION COMMITTEE (ABC PAC),AMERISOURCEBERGEN CORPORATION,Q,C,amerisourcebergen corporation abc,0.0,False,,
C00401299,FRESENIUS MEDICAL CARE NORTH AMERICA PAC,FRESENIUS MEDICAL CARE NORTH AMERICA,Q,C,fresenius medical care north america,0.0,False,,
C00402107,CUNA MUTUAL HOLDING COMPANY POLITICAL ACTION COMMITTEE (CUNA MUTUAL PAC),CUNA MUTUAL HOLDING COMPANY,Q,C,cuna mutual holding company cuna mutual,0.0,False,,
C00402321,GREEN DIAMOND RESOURCE COMPANY POLITICAL ACTION COMMITTEE,SIMPSON INVESTMENT COMPANY POLITICAL ACTION COMMITTEE,Q,C,green diamond resource company,0.0,False,,
C00402545,VGM MANAGEMENT LTD PAC (VGMPAC),VGM MANAGEMENT LTD,Q,C,vgm management ltd vgmpac,0.0,False,,
C00402669,SERCO INC. POLITICAL ACTION COMMITTEE (SERCO PAC),SERCO INC.,Q,C,serco inc serco,0.0,False,,
C00405209,SCHAEFFLER GROUP USA INC POLITICAL ACTION COMMITTEE,NONE,Q,C,schaeffler group usa inc,0.0,False,,
C00406066,FIRST HORIZON CORPORATION LA FED PAC,FIRST HORIZON CORPORATION,Q,C,first horizon corporation la fed,0.0,False,,
C00406215,NATIONWIDE MUTUAL INSURANCE COMPANY FINANCIAL & INVESTMENTS POLITICAL ACTION COMMITTEE,NATIONWIDE MUTUAL INSURANCE COMPANY,Q,C,nationwide mutual insurance company financial investments,0.0,False,,
C00406801,AVANGRID POLITICAL ACTION COMMITTEE,AVANGRID,Q,C,avangrid,0.0,False,,
C00407080,GENTIVA HEALTH SERVICES INC PAC GENTIVAPAC,GENTIVA HEALTH SERVICES INC,Q,C,gentiva health services inc gentivapac,0.0,False,,
C00407437,COMPORIUM INC PAC,COMPORIUM INC,Q,C,comporium inc,0.0,False,,
C00409516,"DIRECT SUPPLY, INC. PARTNERS PAC (DSI PARTNERS PAC)","DIRECT SUPPLY, INC.",Q,C,direct supply inc partners dsi partners,0.0,False,,
C00409789,"BLESSEY MARINE SERVICE, INC. POLITICAL ACTION COMMITTEE",BLESSEY MARINE SERVICE INC,Q,C,blessey marine service inc,0.0,False,,
C00409979,DYNCORP INTERNATIONAL LLC POLITICAL ACTION COMMITTEE (DIPAC),DYNCORP INTERNATIONAL LLC,Q,C,dyncorp international llc dipac,0.0,False,,
C00410266,THE VANGUARD GROUP COMMITTEE FOR RESPONSIBLE GOVERNMENT,THE VANGUARD GROUP,Q,C,vanguard group responsible government,0.0,False,,
C00410274,MASTERCARD INTERNATIONAL INC. EMPLOYEES' PAC,MASTERCARD INTERNATIONAL INC.,Q,C,mastercard international inc,0.0,False,,
C00410324,"RENT-A-CENTER, INC. GOOD GOVERNMENT POLITICAL ACTION COMMITTEE","RENT-A-CENTER, INC.",Q,C,rent a center inc good government,0.0,False,,
C00410589,CERNER CORPORATION PAC,CERNER CORPORATION,Q,C,cerner corporation,0.0,False,,
C00410654,PHARMAVITE LLC POLITICAL ACTION COMMITTEE (PHARMAVITE PAC),"OTSUKA AMERICA, INC.",Q,C,pharmavite llc pharmavite,0.0,False,,
C00411389,OVERSEAS SHIPHOLDING GROUP INC PAC,OVERSEAS SHIPHOLDING GROUP INC,Q,C,overseas shipholding group inc,0.0,False,,
C00411694,"SALTCHUK RESOURCES, INC. PAC","SALTCHUK RESOURCES, INC. PAC",Q,C,saltchuk resources inc,0.0,False,,
C00411769,"QC HOLDINGS, INC. POLITICAL ACTION COMMITTEE","QC HOLDINGS, INC.",Q,C,qc holdings inc,0.0,False,,
C00411918,TIVITY HEALTH FEDERAL PAC,TIVITY HEALTH,Q,C,tivity health federal,0.0,False,,
C00412635,"GIBBONS P.C. PAC, INC.",GIBBONS P.C.,Q,C,gibbons p c inc,0.0,False,,
C00413575,"MWW GROUP INC POLITICAL ACTION COMMITTEE, THE","MWW GROUP, INC.",Q,C,mww group inc,0.0,False,,
C00414185,EZCORP INC. POLITICAL ACTION COMMITTEE,"EZCORP, INC.",Q,C,ezcorp inc,0.0,False,,
C00416305,FIRST COLONIES ANESTHESIA ASSOCIATES LLC POLITICAL ACTION COMMITTEE,"FIRST COLONIES ANESTHESIA ASSOCIATES, LLC",Q,C,first colonies anesthesia associates llc,0.0,False,,
C00416693,CORELOGIC INC PAC,"CORELOGIC, INC.",Q,C,corelogic inc,0.0,False,,
C00417139,KB HOME AMERICAN DREAM PAC,KB HOME,Q,C,kb home american dream,0.0,False,,
C00417774,CALIFORNIA COAST CREDIT UNION FEDERAL PAC,CALIFORNIA COAST CREDIT UNION,Q,C,california coast credit union federal,0.0,False,,
C00418269,AMERICAN COMMERCIAL BARGE LINE PAC,AMERICAN COMMERCIAL BARGE LINE LLC,Q,C,american commercial barge line,0.0,False,,
C00418731,WILLIS NORTH AMERICA INC POLITICAL ACTION COMMITTEE,"WILLIS NORTH AMERICA, INC",Q,C,willis north america inc,0.0,False,,
C00419911,CENTURYLINK INC. EMPLOYEES POLITICAL ACTION COMMITTEE,CENTURYLINK INC.,Q,C,centurylink inc,0.0,False,,
C00420398,BOEHRINGER INGELHEIM USA CORPORATION POLITICAL ACTION COMMITTEE,BOEHRINGER INGELHEIM USA CORPORATION,Q,C,boehringer ingelheim usa corporation,0.0,False,,
C00421016,RUSSELL INVESTMENT GROUP FEDERAL POLITICAL ACTION COMMITTEE,RUSSELL INVESTMENT GROUP,Q,C,russell investment group federal,0.0,False,,
C00421487,PRAGMATICS INCORPORATED POLITICAL ACTION COMMITTEE,PRAGMATICS INCORPORATED POLITICAL ACTION COMMITTEE,Q,C,pragmatics incorporated,0.0,False,,
C00422501,CSL EMPLOYEES POLITICAL ACTION COMMITTEE,CSL BEHRING,Q,C,csl,0.0,False,,
C00423236,SUNOVION PHARMACEUTICALS INC. GOOD GOVERNANCE FUND,SUNOVION PHARMACEUTICALS INC.,Q,C,sunovion pharmaceuticals inc good governance,0.0,False,,
C00423814,PENN NATIONAL GAMING INC POLITICAL ACTION COMMITTEE,PENN NATIONAL GAMING INC POLITICAL ACTION COMMITTEE,Q,C,penn national gaming inc,0.0,False,,
C00424010,ACME BRICK COMPANY GOOD GOVERNMENT FUND FOR FEDERAL ELECTIONS,BERKSHIRE HATHAWAY ENERGY COMPANY PAC,Q,C,acme brick company good government federal elections,0.0,False,,
C00424374,"WYNDHAM DESTINATIONS, INC POLITICAL ACTION COMMITTEE","WYNDHAM DESTINATIONS, INC",Q,C,wyndham destinations inc,0.0,False,,
C00425603,TRAVELPORT INC. PAC,TRAVELPORT INC.,Q,C,travelport inc,0.0,False,,
C00425975,WINDSTREAM HOLDINGS LLC POLITICAL ACTION COMMITTEE,WINDSTREAM HOLDINGS LLC,Q,C,windstream holdings llc,0.0,False,,
C00426072,"GIANT EAGLE, INC. PAC","GIANT EAGLE, INC.",Q,C,giant eagle inc,0.0,False,,
C00426445,ABIOMED INC POLITICAL ACTION COMMITTEE (ABIOMED PAC),"ABIOMED, INC.",Q,C,abiomed inc abiomed,0.0,False,,
C00427542,"CONSOLIDATED COMMUNICATIONS PAC,  INC. - FEDERAL","CONSOLIDATED COMMUNICATIONS, INC.",Q,C,consolidated communications inc federal,0.0,False,,
C00428391,REPUBLIC SVCS. INC. EMPLOYEES FOR BETTER GOVT. PAC,REPUBLIC SERVICES INC. (FKA ALLIED WASTE NA),Q,C,republic svcs inc better govt,0.0,False,,
C00428896,DEUTSCHE BANK AMERICAS CORP. POLITICAL ACTION COMMITTEE,DEUTSCHE BANK AMERICAS CORP.,Q,C,deutsche bank americas corp,0.0,False,,
C00429001,"PURPOSE FINANCIAL, INC. PAC","PURPOSE FINANCIAL, INC.",Q,C,purpose financial inc,0.0,False,,
C00429050,THE WESTERN UNION COMPANY POLITICAL ACTION COMMITTEE,WESTERN UNION COMPANY,Q,C,western union company,0.0,False,,
C00429662,ENBRIDGE (U.S.) INC. POLITICAL ACTION COMMITTEE (ENBRIDGE-DCP PAC),ENBRIDGE (U.S.) INC.,Q,C,enbridge u s inc enbridge dcp,0.0,False,,
C00429852,WELLS FARGO AND COMPANY NORTH CAROLINA EMPLOYEES GOOD GOVERNMENT FUND,WELLS FARGO AND COMPANY EMPLOYEE PAC (AKA WELLS FARGO EMPLOYEE PAC),Q,C,wells fargo company north carolina good government,0.0,False,,
C00429886,EISAI INC. PAC,EISAI INC.,Q,C,eisai inc,0.0,False,,
C00430397,HANGER INC. PAC,"HANGER, INC.",Q,C,hanger inc,0.0,False,,
C00431429,MVP HEALTH CARE INC. FEDERAL PAC,MVP HEALTH CARE INC.,Q,C,mvp health care inc federal,0.0,False,,
C00431544,"DUNKIN' BRANDS, INC. POLITICAL ACTION COMMITTEE","DUNKIN' BRANDS, INC.",Q,C,dunkin brands inc,0.0,False,,
C00432856,AM GENERAL LLC POLITICAL ACTION COMMITTEE (AM GENERAL PAC),AM GENERAL LLC,Q,C,am general llc am general,0.0,False,,
C00432963,"AMERICAN ROLL-ON ROLL-OFF CARRIER GROUP, INC. FREEDOM PAC / ARC FREEDOM PAC","AMERICAN ROLL-ON ROLL-OFF CARRIER GROUP, INC.",Q,C,american roll on roll off carrier group inc freedom arc freedom,0.0,False,,
C00434233,NEXION HEALTH FUND FOR QUALITY LONG TERM CARE INC,"NEXION HEALTH, INC.",Q,C,nexion health quality long term care inc,0.0,False,,
C00434811,TEVA PHARMACEUTICALS USA INC. POLITICAL ACTION COMMITTEE (TEVA PAC),TEVA PHARMACEUTICALS USA INC.,Q,C,teva pharmaceuticals usa inc teva,0.0,False,,
C00435321,NUSTAR ENERGY L.P. (NUSTAR PAC),NUSTAR ENERGY L.P.,Q,C,nustar energy l p nustar,0.0,False,,
C00435735,UNIVISION COMMUNICATIONS INC. POLITICAL ACTION COMMITTEE,"UNIVISION COMMUNICATIONS, INC.",Q,C,univision communications inc,0.0,False,,
C00435990,MESSER CONSTRUCTION CO PAC,MESSER CONSTRUCTION CO,Q,C,messer construction co,0.0,False,,
C00436360,"AMEDISYS, INC. POLITICAL ACTION COMMITTEE",AMEDISYS INC.,Q,C,amedisys inc,0.0,False,,
C00436899,AMERICAN INCOME LIFE INSURANCE COMPANY POLITICAL ACTION COMMITTEE,AMERICAN INCOME LIFE INSURANCE COMPANY,Q,C,american income life insurance company,0.0,False,,
C00437491,"IDEMIA IDENTITY & SECURITY USA, LLC POLITICAL ACTION COMMITTEE","IDEMIA IDENTITY & SECURITY USA, LLC",Q,C,idemia identity security usa llc,0.0,False,,
C00437566,ELBIT SYSTEMS OF AMERICA LLC POLITICAL ACTION COMMITTEE,ELBIT SYSTEMS OF AMERICA LLC,Q,C,elbit systems america llc,0.0,False,,
C00438051,DISCOVER FINANCIAL SERVICES POLITICAL ACTION COMMITTEE,DISCOVER FINANCIAL SERVICES,Q,C,discover financial services,0.0,False,,
C00438358,AMSTED INDUSTRIES INCORPORATED PAC,AMSTED INDUSTRIES INCORPORATED,Q,C,amsted industries incorporated,0.0,False,,
C00438754,ENERGY TRANSFER EMPLOYEE MANAGEMENT COMPANY PAC (ENERGY TRANSFER PAC),ENERGY TRANSFER EMPLOYEE MANAGEMENT COMPANY,Q,C,energy transfer employee management company energy transfer,0.0,False,,
C00440453,HMS HOLDINGS CORP. POLITICAL ACTION COMMITTEE (HMS PAC),HMS HOLDINGS CORP.,Q,C,hms holdings corp hms,0.0,False,,
C00440651,DENBURY INC POLITICAL COMMITTEE,DENBURY INC.,Q,C,denbury inc,0.0,False,,
C00441311,"CNG HOLDINGS, INC. PAC","CNG HOLDINGS, INC.",Q,C,cng holdings inc,0.0,False,,
C00442046,BUTTERBALL POLITICAL ACTION COMMITTEE INC,SEABOARD CORPORATION POLITICAL ACTION COMMITTEE,Q,C,butterball inc,0.0,False,,
C00442913,BURNS AND MCDONNELL INC. PAC,"BURNS & MCDONNELL, INC.",Q,C,burns mcdonnell inc,0.0,False,,
C00443671,"MICRON TECHNOLOGY, INC. PAC","MICRON TECHNOLOGY, INC.",Q,C,micron technology inc,0.0,False,,
C00444885,ASTELLAS US LLC PAC (ASTELLAS PAC),ASTELLAS US LLC,Q,C,astellas us llc astellas,0.0,False,,
C00445981,POLSINELLI PAC,POLSINELLI PAC,Q,C,polsinelli,0.0,False,,
C00448324,SMITHS GROUP SERVICES CORPORATION POLITICAL ACTION COMMITTEE,SMITHS GROUP SERVICES CORP,Q,C,smiths group services corporation,0.0,False,,
C00448852,BARCLAYS GROUP US INC. POLITICAL ACTION COMMITTEE,BARCLAYS GROUP US INC.,Q,C,barclays group us inc,0.0,False,,
C00448993,"HILL-ROM HOLDINGS, INC. POLITICAL ACTION COMMITTEE (HRPAC)","HILL-ROM HOLDINGS, INC.",Q,C,hill rom holdings inc hrpac,0.0,False,,
C00450189,PLS FINANCIAL SVCS INC GOOD NEIGHBOR  POLITICAL ACTION COMMITTE (PLS GOOD NEIGHBOR PAC),"PLS FINANCIAL SERVICES, INC.",Q,C,pls financial svcs inc good neighbor committe pls good neighbor,0.0,False,,
C00450916,ASURION LLC POLITICAL ACTION COMMITTEE (ASURION PAC),ASURION LLC,Q,C,asurion llc asurion,0.0,False,,
C00450965,"VARIAN MEDICAL SYSTEMS, INC. PAC ('VARIAN PAC')","VARIAN MEDICAL SYSTEMS, INC.",Q,C,varian medical systems inc varian,0.0,False,,
C00451575,SUNPOWER CORPORATION POLITICAL ACTION COMMITTEE,SUNPOWER CORPORATION,Q,C,sunpower corporation,0.0,False,,
C00451781,FIRST HAWAIIAN BANK CITIZENSHIP COMMITTEE,FIRST HAWAIIAN BANK CITIZENSHIP COMMITTEE,Q,C,first hawaiian bank citizenship,0.0,False,,
C00452037,GUARANTY BANK & TRUST  POLITICAL ACTION COMMITTEE,GUARANTY BANK & TRUST  POLITICAL ACTION COMMITTEE,Q,C,guaranty bank trust,0.0,False,,
C00452052,ENDO PHARMACEUTICALS INC POLITICAL ACTION COMMITTEE (ENDO PAC),ENDO PHARMACEUTICALS INC.,Q,C,endo pharmaceuticals inc endo,0.0,False,,
C00454314,CNL FINANCIAL GROUP INC POLITICIAL ACTION COMMITTEE,CNL FINANCIAL GROUP INC POLITICIAL ACTION COMMITTEE,Q,C,cnl financial group inc politicial,0.0,False,,
C00454801,NEW SOUTH BANCSHARES INC PAC,NEW SOUTH BANCSHARES INC/COMMITTEE FOR FAIRNESS IN GOVERNMENT,Q,C,new south bancshares inc,0.0,False,,
C00454850,"LITTLE SIOUX CORN PROCESSORS PAC, LSCP LLC PAC",LSCP LLC,Q,C,little sioux corn processors lscp llc,0.0,False,,
C00457853,"TSVC, INC. POLITICAL ACTION COMMITTEE (TERRACON PAC)","TSVC, INC.",Q,C,tsvc inc terracon,0.0,False,,
C00459289,EHEALTH INC. POLITICAL ACTION COMMITTEE (EHEALTH PAC),EHEALTH INC.,Q,C,ehealth inc ehealth,0.0,False,,
C00459453,MARINETTE MARINE CORPORATION PAC MMCPAC,MARINETTE MARINE CORPORATION PAC MMCPAC,Q,C,marinette marine corporation mmcpac,0.0,False,,
C00459933,"AARON'S, INC. POLITICAL ACTION COMMITTEE","AARON'S, INC.",Q,C,aaron s inc,0.0,False,,
C00461574,CAREER EDUCATION CORPORATION PAC (CEC PAC),CAREER EDUCATION CORPORATION,Q,C,career education corporation cec,0.0,False,,
C00462564,SWISS RE AMERICA HOLDING CORPORATION POLITICAL ACTION COMMITTEE,SWISS RE AMERICA HOLDING CORPORATION,Q,C,swiss re america holding corporation,0.0,False,,
C00462622,INTUITIVE SURGICAL INC PAC,"INTUITIVE SURGICAL, INC.",Q,C,intuitive surgical inc,0.0,False,,
C00469205,"MEDNAX, INC. FEDERAL POLITICAL ACTION COMMITTEE","MEDNAX, INC.",Q,C,mednax inc federal,0.0,False,,
C00469825,"JELD-WEN, INC. EMPLOYEE POLITICAL ACTION COMMITTEE","JELD-WEN, INC.",Q,C,jeld wen inc employee,0.0,False,,
C00471169,ALEXION PHARMACEUTICALS INC. PAC,"ALEXION PHARMACEUTICALS, INC.",Q,C,alexion pharmaceuticals inc,0.0,False,,
C00473025,IGT GLOBAL SOLUTIONS CORPORATION (IGT) PAC,IGT GLOBAL SOLUTIONS CORPORATION,Q,C,igt global solutions corporation igt,0.0,False,,
C00475350,DULCICH INC DBA PACIFIC SEAFOOD GROUP EMPLOYEE PAC,DULCICH INC. DBA PACIFIC SEAFOOD GROUP,Q,C,dulcich inc dba pacific seafood group employee,0.0,False,,
C00475475,WYNN RESORTS LIMITED INITIATIVE FOR PUBLIC POLICY,"WYNN RESORTS, LIMITED",Q,C,wynn resorts limited initiative public policy,0.0,False,,
C00477653,COX ENTERPRISES PAC (COXPAC) INC.,COX ENTERPRISES INC.,Q,C,cox enterprises coxpac inc,0.0,False,,
C00478099,"ATLAS AIR WORLDWIDE HOLDINGS, INC. POLITICAL ACTION COMMITTEE","ATLAS AIR WORLDWIDE HOLDINGS, INC.",Q,C,atlas air worldwide holdings inc,0.0,False,,
C00478149,"BLACK KNIGHT LENDING SOLUTIONS, INC. POLITICAL ACTION COMMITTEE ('BLACK KNIGHT POLITICAL ACTION COMMITTEE')","BLACK KNIGHT LENDING SOLUTIONS, INC.",Q,C,black knight lending solutions inc black knight,0.0,False,,
C00479873,NOBLE ENERGY INC. POLITICAL ACTION COMMITTEE,"NOBLE ENERGY, INC.",Q,C,noble energy inc,0.0,False,,
C00479972,PICTSWEET COMPANY GOOD GOVERNMENT COMMITTEE; THE,THE PICTSWEET COMPANY,Q,C,pictsweet company good government,0.0,False,,
C00481309,NETJETS INC. PAC,BNSF RAILWAY COMPANY RAILPAC (BNSF RAILPAC),Q,C,netjets inc,0.0,False,,
C00482570,JACKSON LEWIS P.C. POLITICAL ACTION COMMITTEE,JACKSON LEWIS P.C.,Q,C,jackson lewis p c,0.0,False,,
C00485896,"CHS/COMMUNITY HEALTH SYSTEMS, INC. POLITICAL ACTION CMTE (CHS PAC)","CHS/COMMUNITY HEALTH SYSTEMS, INC.",Q,C,chs community health systems inc cmte chs,0.0,False,,
C00486217,LPL FINANCIAL LLC POLITICAL ACTION COMMITTEE (LPL PAC),LPL FINANCIAL LLC,Q,C,lpl financial llc lpl,0.0,False,,
C00487447,ONCOR POLITICAL ACTION COMMITTEE OF ONCOR ELECTRIC DELIVERY ADMINISTRATION CORP.,ONCOR ELECTRIC DELIVERY ADMINISTRATION CORP.,Q,C,oncor oncor electric delivery administration corp,0.0,False,,
C00489534,FIRST SOLAR INC. POLITICAL ACTION COMMITTEE,FIRST SOLAR INC.,Q,C,first solar inc,0.0,False,,
C00491118,LUNDBECK LLC EMPLOYEE POLITICAL ACTION COMMITTEE,LUNDBECK LLC,Q,C,lundbeck llc employee,0.0,False,,
C00491506,WARD AND SMITH. P.A. POLITICAL ACTION COMMITTEE,"WARD AND SMITH, P.A.",Q,C,ward smith p a,0.0,False,,
C00491951,NOMURA HOLDING AMERICA INC. POLITICAL ACTION COMMITTEE (NOMURAPAC),NOMURA HOLDING AMERICA INC.,Q,C,nomura holding america inc nomurapac,0.0,False,,
C00492157,INSPIRE BRANDS INC. POLITICAL ACTION COMMITTEE,INSPIRE BRANDS INC.,Q,C,inspire brands inc,0.0,False,,
C00493502,VSP HOLDING COMPANY INC POLITICAL ACTION COMMITTEE (VSP - PAC),"VSP HOLDING COMPANY, INC.",Q,C,vsp holding company inc vsp,0.0,False,,
C00493940,MASIMO CORPORATION POLITICAL ACTION COMMITTEE,MASIMO CORPORATION,Q,C,masimo corporation,0.0,False,,
C00496257,J. H. FLETCHER & CO. POLITICAL ACTION COMMITTEE,J. H. FLETCHER & CO,Q,C,j h fletcher co,0.0,False,,
C00496745,"TEXAS CAPITAL BANK, NA POLITICAL ACTION COMMITTEE",TEXAS CAPITAL BANK,Q,C,texas capital bank na,0.0,False,,
C00497545,UNIVERSAL TECHNICAL INSTITUTE INC. PAC (UTIPAC),UNIVERSAL TECHNICAL INSTITUTE INC. PAC (UTIPAC),Q,C,universal technical institute inc utipac,0.0,False,,
C00497917,DEPOSITORY TRUST AND CLEARING CORPORATION PAC - DTCC PAC; THE,THE DEPOSITORY TRUST AND CLEARING CORPORATION,Q,C,depository trust clearing corporation dtcc,0.0,False,,
C00498105,PRIME THERAPEUTICS LLC EMPLOYEE PAC (PRIMEPAC),NONE,Q,C,prime therapeutics llc employee primepac,0.0,False,,
C00499038,ANIMAL PROTECTION VOTERS POLITICAL ACTION COMMITTEE,NONE,Q,C,animal protection voters,0.0,False,,
C00501163,SEAWORLD PARKS & ENTERTAINMENT INC. PAC,SEAWORLD PARKS & ENTERTAINMENT INC.,Q,C,seaworld parks entertainment inc,0.0,False,,
C00502518,"WPX ENERGY, INC. POLITICAL ACTION COMMITTEE","WPX ENERGY, INC.",Q,C,wpx energy inc,0.0,False,,
C00502906,FACEBOOK INC. PAC,FACEBOOK INC.,Q,C,facebook inc,0.0,False,,
C00509331,STARR INSURANCE HOLDINGS INC PAC,"STARR INSURANCE HOLDINGS, INC.",Q,C,starr insurance holdings inc,0.0,False,,
C00509356,MMC CORP POLITICAL ACTION COMMITTEE,MMC CORP POLITICAL ACTION COMMITTEE,Q,C,mmc corp,0.0,False,,
C00510016,TARGA RESOURCES CORP. FEDERAL PAC,TARGA RESOURCES CORP.,Q,C,targa resources corp federal,0.0,False,,
C00511444,"THE HARTFORD FINANCIAL SERVICES GROUP, INC. FEDERAL PAC (AKA HARTFORD ADVOCATES FEDERAL FUND)","THE HARTFORD FINANCIAL SERVICES GROUP, INC. PAC (AKA THE HARTFORD ADVOCATES FUND)",Q,C,hartford financial services group inc federal aka hartford advocates federal,0.0,False,,
C00511600,SALESFORCE.COM INC POLITICAL ACTION COMMITTEE,"SALESFORCE.COM, INC.",Q,C,salesforce com inc,0.0,False,,
C00512327,NANA REGIONAL CORPORATION PAC (NANAPAC),NANA REGIONAL CORPORATION,Q,C,nana regional corporation nanapac,0.0,False,,
C00513671,EVOC REGULATORY SERVICES INC POLITICAL ACTION COMMITTEE,"EVOC REGULATORY SERVICES, INC.",Q,C,evoc regulatory services inc,0.0,False,,
C00514026,F.N.B. CORPORATION PAC,F.N.B. CORPORATION,Q,C,f n b corporation,0.0,False,,
C00514331,CELGENE CORPORATION POLITICAL ACTION COMMITTEE,CELGENE CORPORATION,Q,C,celgene corporation,0.0,False,,
C00520254,"SOLVAY AMERICA, INC. GOOD GOVERNMENT FUND","SOLVAY AMERICA, INC.",Q,C,solvay america inc good government,0.0,False,,
C00523233,"EDF RENEWABLES, INC. PAC","EDF RENEWABLES, INC.",Q,C,edf renewables inc,0.0,False,,
C00523613,DEXTER APACHE HOLDINGS INC PAC ('DEXTER APACHE PAC'),DEXTER APACHE HOLDINGS INC,Q,C,dexter apache holdings inc dexter apache,0.0,False,,
C00523936,IRON MOUNTAIN INCORPORATED EMPLOYEES PAC,IRON MOUNTAIN INCORPORATED,Q,C,iron mountain incorporated,0.0,False,,
C00524769,UNS ENERGY CORPORATION PAC (UNS ENERGY PAC),UNS ENERGY CORPORATION,Q,C,uns energy corporation uns energy,0.0,False,,
C00525055,"TRANSCANADA USA SERVICES, INC. PAC","TRANSCANADA USA SERVICES, INC.",Q,C,transcanada usa services inc,0.0,False,,
C00525063,ALKERMES INC. POLITICAL ACTION COMMITTEE,ALKERMES INC.,Q,C,alkermes inc,0.0,False,,
C00536334,GCE POLITICAL ACTION COMMITTEE (GCE PAC),"GRAND CANYON EDUCATION, INC",Q,C,gce gce,0.0,False,,
C00540518,THE CAPITAL GROUP COMPANIES INC POLITICAL ACTION COMMITTEE,"THE CAPITAL GROUP COMPANIES, INC.",Q,C,capital group companies inc,0.0,False,,
C00544908,"FLORIDA EAST COAST INDUSTRIES, LLC GOOD GOVERNMENT COMMITTEE","FLORIDA EAST COAST INDUSTRIES, LLC",Q,C,florida east coast industries llc good government,0.0,False,,
C00545194,SENTRY INSURANCE A MUTUAL COMPANY FEDERAL POLITICAL ACTION COMMITTEE,SENTRY INSURANCE A MUTUAL COMPANY,Q,C,sentry insurance a mutual company federal,0.0,False,,
C00545202,THE CENTER FOR FREETHOUGHT EQUALITY FUND PAC,THE CENTER FOR FREETHOUGHT EQUALITY,Q,C,center freethought equality,0.0,False,,
C00545558,SUPERIOR AIR-GROUND AMBULANCE SERVICE INC EMPLOYEES PAC (SUPERIOR AMBULANCE EMPLOYEES P,SUPERIOR AIR-GROUND AMBULANCE SERVICE INC EMPLOYEES PAC (SUPERIOR AMBULANCE EMPLOYEES P,Q,C,superior air ground ambulance service inc superior ambulance p,0.0,False,,
C00546473,BOMBARDIER TRANSPORTATION (GLOBAL) USA INC./BOMBARDIER AEROSPACE (HOLDINGS) USA INC. PAC(BOMBARDIER PAC),BOMBARDIER TRANSPORTATION (GLOBAL) USA,Q,C,bombardier transportation global usa inc bombardier aerospace holdings usa inc bombardier,0.0,False,,
C00550392,ARDENT LEGACY HOLDINGS LLC FEDERAL PAC,ARDENT LEGACY HOLDINGS LLC,Q,C,ardent legacy holdings llc federal,0.0,False,,
C00550988,THE ADT SECURITY CORPORATION POLITICAL ACTION COMMITTEE (ADT PAC),THE ADT SECURITY CORPORATION,Q,C,adt security corporation adt,0.0,False,,
C00551846,"CONTINENTAL AUTOMOTIVE, INC PAC","CONTINENTAL AUTOMOTIVE, INC.",Q,C,continental automotive inc,0.0,False,,
C00552679,HOWMET AEROSPACE INC. EMPLOYEES VOLUNTARY POLITICAL ACTION COMMITTEE,HOWMET AEROSPACE INC.,Q,C,howmet aerospace inc voluntary,0.0,False,,
C00553099,MR. COOPER GROUP INC. PAC-FKA NATIONSTAR MORGAGE HOLDINGS INC. PAC,MR. COOPER GROUP INC.,Q,C,mr cooper group inc fka nationstar morgage holdings inc,0.0,False,,
C00554097,STUPP BROS INC POLITICAL ACTION COMMITTEE (STUPP PAC),NONE,Q,C,stupp bros inc stupp,0.0,False,,
C00554444,"ONE GAS, INC. POLITICAL ACTION COMMITTEE",ONE GAS INC.,Q,C,one gas inc,0.0,False,,
C00557322,HESS CORPORATION POLITICAL ACTION COMMITTEE (HESS PAC),HESS CORPORATION,Q,C,hess corporation hess,0.0,False,,
C00558809,O. C. TANNER COMPANY POLITICAL ACTION COMMITTEE,O.C. TANNER COMPANY,Q,C,o c tanner company,0.0,False,,
C00558932,MAXIM HEALTHCARE SERVICES INC POLITICAL ACTION COMMITTEE (MAXIM HEALTHCARE PAC),"MAXIM HEALTHCARE SERVICES, INC.",Q,C,maxim healthcare services inc maxim healthcare,0.0,False,,
C00562546,NOVOCURE INC. PAC,NOVOCURE INC.,Q,C,novocure inc,0.0,False,,
C00563072,"COEUR MINING, INC. PAC","COEUR MINING, INC.",Q,C,coeur mining inc,0.0,False,,
C00564377,CHUGACH ALASKA CORPORATION PAC (CAC PAC),CHUGACH ALASKA CORPORATION,Q,C,chugach alaska corporation cac,0.0,False,,
C00564807,TAYLOR MORRISON INC. BUILDING STRONG BUSINESS PAC,TAYLOR MORRISON INC.,Q,C,taylor morrison inc building strong business,0.0,False,,
C00566760,RAYONIER ADVANCED MATERIALS INC GOOD GOVERNMENT COMMITTEE,RAYONIER ADVANCED MATERIALS INC.,Q,C,rayonier advanced materials inc good government,0.0,False,,
C00567263,GERDAU AMERISTEEL US INC. (GERDAU PAC),GERDAU AMERISTEEL US INC.,Q,C,gerdau ameristeel us inc gerdau,0.0,False,,
C00568410,ERICSSON INC. U.S. EMPLOYEES POLITICAL ACTION COMMITTEE ('ERICSSON PAC'),ERICSSON INC.,Q,C,ericsson inc u s ericsson,0.0,False,,
C00569285,"SIRIUS XM RADIO INC. AND PANDORA MEDIA, LLC PAC (SIRIUSXM PANDORA PAC)","PANDORA MEDIA, LLC",Q,C,sirius xm radio inc pandora media llc siriusxm pandora,0.0,False,,
C00574103,"U.S. ANESTHESIA PARTNERS, INC. PAC D/B/A/ USAP PAC","U.S. ANESTHESIA PARTNERS, INC.",Q,C,u s anesthesia partners inc d b a usap,0.0,False,,
C00577072,"BABCOCK & WILCOX ENTERPRISES, INC. POLITICAL ACTION COMMITTEE","BABCOCK & WILCOX ENTERPRISES, INC.",Q,C,babcock wilcox enterprises inc,0.0,False,,
C00580076,SLM CORPORATION PAC (SALLIE MAE PAC),SLM CORPORATION,Q,C,slm corporation sallie mae,0.0,False,,
C00580589,SCOT FORGE COMPANY POLITICAL ACTION COMMITTEE,SCOT FORGE COMPANY,Q,C,scot forge company,0.0,False,,
C00581728,FC COMPASSUS LLC PAC,FC COMPASSUS LLC,Q,C,fc compassus llc,0.0,False,,
C00610154,BMO FINANCIAL CORPORATION GOOD GOVERNANCE FUND: GENERAL,BMO FINANCIAL CORP,Q,C,bmo financial corporation good governance general,0.0,False,,
C00622654,QUORUM HEALTH CORPORATION POLITICAL ACTION COMMITTEE,QUORUM HEALTH CORPORATION,Q,C,quorum health corporation,0.0,False,,
C00624148,"HORIZON THERAPEUTICS USA, INC. POLITICAL ACTION COMMITTEE  (HORIZON THERAPEUTICS PAC)","HORIZON THERAPEUTICS USA, INC.",Q,C,horizon therapeutics usa inc horizon therapeutics,0.0,False,,
C00629527,CONDUENT INCORPORATED POLITICAL ACTION COMMITTEE (CNDT PAC),CONDUENT INCORPORATED,Q,C,conduent incorporated cndt,0.0,False,,
C00639138,"SAZERAC COMPANY, INC. PAC (SAZERACPAC)","SAZERAC COMPANY, INC.",Q,C,sazerac company inc sazeracpac,0.0,False,,
C00650598,"CONTURA ENERGY, INC. POLITICAL ACTION COMMITTEE","CONTURA ENERGY, INC",Q,C,contura energy inc,0.0,False,,
C00652826,APTIM CORP. POLITICAL ACTION COMMITTEE (AKA APTIM PAC),APTIM CORP.,Q,C,aptim corp aka aptim,0.0,False,,
C00653477,"LINCARE HOLDINGS, INC. EMPLOYEE ACTION FUND",LINDE NORTH AMERICA INC ALLIANCE FOR GOOD GOVERNMENT (LINDE PAC),Q,C,lincare holdings inc employee,0.0,False,,
C00657593,VGM GROUP INC PAC (VGM PAC),VGM GROUP INC.,Q,C,vgm group inc vgm,0.0,False,,
C00659060,PCG (PERFORMANCE CONTACTING GROUP) EMPLOYEE OWNERS PAC,"PERFORMANCE CONTRACTING GROUP, INC.",Q,C,pcg performance contacting group employee owners,0.0,False,,
C00681437,HSBC NORTH AMERICA FEDERAL POLITICAL ACTION COMMITTEE (HSBC FEDERAL PAC),HSBC NORTH AMERICA,Q,C,hsbc north america federal hsbc federal,0.0,False,,
C00686055,JACKSON HOLDINGS LLC AND JACKSON NATIONAL LIFE INSURANCE COMPANY FEDERAL SSF (JACKSON NATIONAL FEDERAL PAC),JACKSON HOLDINGS LLC AND JACKSON NATIONAL LIFE INSURANCE COMPANY,Q,C,jackson holdings llc jackson national life insurance company federal ssf jackson national federal,0.0,False,,
C00693002,FOX CORPORATION POLITICAL ACTION COMMITTEE (FOX PAC),FOX CORPORATION,Q,C,fox corporation fox,0.0,False,,
C00699157,"CLEAR CHANNEL OUTDOOR, LLC. PAC","CLEAR CHANNEL OUTDOOR, LLC.",Q,C,clear channel outdoor llc,0.0,False,,
C00728030,ARCONIC CORPORATION EMPLOYEES' VOLUNTARY POLITICAL ACTION COMMITTEE,ARCONIC CORPORATION,Q,C,arconic corporation voluntary,0.0,False,,
C00736124,METROPOLITAN ANESTHESIA CONSULTANTS POLITICAL ACTION COMMITTEE,METROPOLITAN ANESTHESIA CONSULTANTS,Q,C,metropolitan anesthesia consultants,0.0,False,,
