company,company_norm,ticker_candidates_str
"5E Advanced Materials, Inc.",5E ADVANCED MATERIALS,FEAM|FEAV
ACRES Commercial Realty Corp.,ACRES COMMERCIAL REALTY,ACR|ACR.PRC|ACR.PRD
"AFFILIATED MANAGERS GROUP, INC.",AFFILIATED MANAGERS,AMG|MGR|MGRB|MGRD|MGRE
"AG Mortgage Investment Trust, Inc.",AG MORTGAGE INVESTMENT TRUST,MITN|MITP|MITT|MITT.PRA|MITT.PRB|MITT.PRC
AGREE REALTY CORP,AGREE REALTY,ADC|ADC.PRA
Agriculture & Natural Solutions Acquisition Corp,AGRICULTURE AND NATURAL SOLUTIONS ACQUISITION,ANSC|ANSCU
"Aimei Health Technology Co., Ltd.",AIMEI HEALTH TECHNOLOGY,AFJK|AFJKR|AFJKU
ALBEMARLE CORP,ALBEMARLE,ALB|ALB.PRA
Alchemy Investments Acquisition Corp 1,ALCHEMY INVESTMENTS ACQUISITION CORP 1,ALCY|ALCYU
ALLSTATE CORP,ALLSTATE,ALL|ALL.PRB|ALL.PRH|ALL.PRI|ALL.PRJ
Alphabet Inc.,ALPHABET,GOOG|GOOGL
ALPHATIME ACQUISITION CORP,ALPHATIME ACQUISITION,ATMC|ATMCR|ATMCU
AlphaVest Acquisition Corp.,ALPHAVEST ACQUISITION,ATMV|ATMVR|ATMVU
ALTA EQUIPMENT GROUP INC.,ALTA EQUIPMENT,ALTG|ALTG.PRA
AltEnergy Acquisition Corp,ALTENERGY ACQUISITION,AEAE|AEAEU
Amcor plc,AMCOR,AMCCF|AMCR
Ameren Illinois Co,AMEREN ILLINOIS,AILIH|AILIM|AILIN|AILIO|AILIP|AILLI|AILLM|AILLN|AILLO|AILLP
AMERICAN FINANCIAL GROUP INC,AMERICAN FINANCIAL,AFG|AFGB|AFGC|AFGD|AFGE
American Homes 4 Rent,AMERICAN HOMES 4 RENT,AMH|AMH.PRG|AMH.PRH
"AMERICAN INTERNATIONAL GROUP, INC.",AMERICAN INTERNATIONAL,AIG|AMIH
AMERICAN INTERNATIONAL HOLDINGS CORP.,AMERICAN INTERNATIONAL,AIG|AMIH
Andretti Acquisition Corp. II,ANDRETTI ACQUISITION CORP II,POLE|POLEU
ANNALY CAPITAL MANAGEMENT INC,ANNALY CAPITAL MANAGEMENT,NLY|NLY.PRF|NLY.PRG|NLY.PRI|NLY.PRJ
"Apollo Global Management, Inc.",APOLLO GLOBAL MANAGEMENT,APO|APO.PRA|APOS
"APPLIED ENERGETICS, INC.",APPLIED ENERGETICS,AERG|AERGP
Aquaron Acquisition Corp.,AQUARON ACQUISITION,AQUC|AQUNR|AQUNU
ARBOR REALTY TRUST INC,ARBOR REALTY TRUST,ABR|ABR.PRD|ABR.PRE|ABR.PRF
ARCH CAPITAL GROUP LTD.,ARCH CAPITAL,ACGL|ACGLN|ACGLO
Ares Management Corp,ARES MANAGEMENT,ARES|ARES.PRB
"Armada Hoffler Properties, Inc.",ARMADA HOFFLER PROPERTIES,AHH|AHH.PRA
"Armour Residential REIT, Inc.",ARMOUR RESIDENTIAL REIT,ARR|ARR.PRC
Arogo Capital Acquisition Corp.,AROGO CAPITAL ACQUISITION,AOGO|AOGOU
ARTESIAN RESOURCES CORP,ARTESIAN RESOURCES,ARTNA|ARTNB
ASSOCIATED BANC-CORP,ASSOCIATED BANC,ASB|ASB.PRE|ASB.PRF|ASBA
"ASSURANT, INC.",ASSURANT,AIZ|AIZN
ASTRONICS CORP,ASTRONICS,ATRO|ATROB
AT&T INC.,AT AND T,T|T.PRA|T.PRC|TBB
Athena Technology Acquisition Corp. II,ATHENA TECHNOLOGY ACQUISITION CORP II,ATEK|ATEKU
Athene Holding Ltd.,ATHENE,ATH.PRA|ATH.PRB|ATH.PRD|ATH.PRE|ATHS
Atlantic Union Bankshares Corp,ATLANTIC UNION BANKSHARES,AUB|AUB.PRA
"AVITA Medical, Inc.",AVITA MEDICAL,AVHHL|RCEL
"B. Riley Financial, Inc.",B RILEY FINANCIAL,RILY|RILYG|RILYK|RILYL|RILYN|RILYP|RILYT|RILYZ
"Babcock & Wilcox Enterprises, Inc.",BABCOCK AND WILCOX ENTERPRISES,BW|BW.PRA|BWNB|BWSN
"BANC OF CALIFORNIA, INC.",BANC OF CALIFORNIA,BANC|BANC.PRF
BANK OF AMERICA CORP /DE/,BANK OF AMERICA,BAC|BAC.PRB|BAC.PRE|BAC.PRK|BAC.PRL|BAC.PRM|BAC.PRN|BAC.PRO|BAC.PRP|BAC.PRQ|BAC.PRS|BACRP|BML.PRG|BML.PRH|BML.PRJ|BML.PRL|MER.PRK
BANK OF HAWAII CORP,BANK OF HAWAII,BOH|BOH.PRA|BOH.PRB
Bayview Acquisition Corp,BAYVIEW ACQUISITION,BAYA|BAYAR|BAYAU
"BBX Capital, Inc.",BBX CAPITAL,BBXIA|BBXIB
BERKSHIRE HATHAWAY INC,BERKSHIRE HATHAWAY,BRK.A|BRK.B
"BIO-RAD LABORATORIES, INC.",BIO RAD LABORATORIES,BIO|BIO.B
Black Hawk Acquisition Corp,BLACK HAWK ACQUISITION,BKHA|BKHAR|BKHAU
Bleichroeder Acquisition Corp. I,BLEICHROEDER ACQUISITION CORP I,BACQ|BACQU
"Block, Inc.",BLOCK,BSQKZ|XYZ
BLUE OWL CAPITAL INC.,BLUE OWL CAPITAL,OBDC|OWL
Blue Owl Capital Corp,BLUE OWL CAPITAL,OBDC|OWL
BOEING CO,BOEING,BA|BA.PRA
Bold Eagle Acquisition Corp.,BOLD EAGLE ACQUISITION,BEAG|BEAGR|BEAGU
Bowen Acquisition Corp,BOWEN ACQUISITION,BOWN|BOWNR|BOWNU
Braemar Hotels & Resorts Inc.,BRAEMAR HOTELS AND RESORTS,BHR|BHR.PRB|BHR.PRD
Bridgewater Bancshares Inc,BRIDGEWATER BANCSHARES,BWB|BWBBP
"Brighthouse Financial, Inc.",BRIGHTHOUSE FINANCIAL,BHF|BHFAL|BHFAM|BHFAN|BHFAO|BHFAP
"BrightSpring Health Services, Inc.",BRIGHTSPRING HEALTH SERVICES,BTSG|BTSGU
BRISTOL MYERS SQUIBB CO,BRISTOL MYERS SQUIBB,BMY|BMYMP
"Brookfield Oaktree Holdings, LLC",BROOKFIELD OAKTREE,OAK.PRA|OAK.PRB
BRUKER CORP,BRUKER,BRKR|BRKRP
BRUNSWICK CORP,BRUNSWICK,BC|BC.PRA|BC.PRC
byNordic Acquisition Corp,BYNORDIC ACQUISITION,BYNO|BYNOU
"CALIX, INC",CALIX,CALX|CLXLF
"CANTALOUPE, INC.",CANTALOUPE,CTLP|CTLPP
"CareCloud, Inc.",CARECLOUD,CCLD|CCLDO
Carlyle Credit Income Fund,CARLYLE CREDIT INCOME FUND,CCIA|CCIF
"Carlyle Secured Lending, Inc.",CARLYLE SECURED LENDING,CGBD|CGBDL
CARNIVAL CORP,CARNIVAL,CCL|CUK|CUKPF
Cayson Acquisition Corp,CAYSON ACQUISITION,CAPN|CAPNR|CAPNU
CDW Corp,CDW,CDW|CDWHF
CENTRAL GARDEN & PET CO,CENTRAL GARDEN AND PET,CENT|CENTA
Centurion Acquisition Corp.,CENTURION ACQUISITION,ALF|ALFUU
Charlton Aria Acquisition Corp,CHARLTON ARIA ACQUISITION,CHAR|CHARU
CHART INDUSTRIES INC,CHART INDUSTRIES,GTLS|GTLS.PRB
Chatham Lodging Trust,CHATHAM LODGING TRUST,CLDT|CLDT.PRA
Cherry Hill Mortgage Investment Corp,CHERRY HILL MORTGAGE INVESTMENT,CHMI|CHMI.PRA|CHMI.PRB
China Foods Holdings Ltd.,CHINA FOODS,CFOO|CHFHY|CHNFF
CHS INC,CHS,CHSCL|CHSCM|CHSCN|CHSCO|CHSCP
CION Investment Corp,CION INVESTMENT,CICB|CION
"City Office REIT, Inc.",CITY OFFICE REIT,CIO|CIO.PRA
"Clearway Energy, Inc.",CLEARWAY ENERGY,CWEN|CWEN.A
CMS ENERGY CORP,CMS ENERGY,CMS|CMS.PRC|CMSA|CMSC|CMSD
"CNO Financial Group, Inc.",CNO FINANCIAL,CNO|CNO.PRA
CO2 Energy Transition Corp.,CO2 ENERGY TRANSITION,NOEM|NOEMR|NOEMU
COFFEE HOLDING CO INC,COFFEE,COFE|JVA
COMCAST CORP,COMCAST,CCZ|CMCSA
"Compass, Inc.",COMPASS,CMPGF|CMPGY|COMP
Compass Diversified Holdings,COMPASS DIVERSIFIED,CODI|CODI.PRA|CODI.PRB|CODI.PRC
COMSovereign Holding Corp.,COMSOVEREIGN,COMS|COMSP
"ConnectOne Bancorp, Inc.",CONNECTONE BANCORP,CNOB|CNOBP
"Corebridge Financial, Inc.",COREBRIDGE FINANCIAL,CRBD|CRBG
CRAWFORD & CO,CRAWFORD AND,CRD.A|CRD.B
"Crescent Capital BDC, Inc.",CRESCENT CAPITAL BDC,CCAP|FCRX
"CTO Realty Growth, Inc.",CTO REALTY GROWTH,CTO|CTO.PRA
"CULLEN/FROST BANKERS, INC.",CULLEN FROST BANKERS,CFR|CFR.PRB
"Customers Bancorp, Inc.",CUSTOMERS BANCORP,CUBB|CUBI|CUBI.PRF
"DIGITAL REALTY TRUST, INC.",DIGITAL REALTY TRUST,DLR|DLR.PRJ|DLR.PRK|DLR.PRL
"DigitalBridge Group, Inc.",DIGITALBRIDGE,DBRG|DBRG.PRH|DBRG.PRI|DBRG.PRJ
"Dime Community Bancshares, Inc. /NY/",DIME COMMUNITY BANCSHARES,DCOM|DCOMP
Direct Selling Acquisition Corp.,DIRECT SELLING ACQUISITION,DSAQ|DSAQU
DIVERSIFIED HEALTHCARE TRUST,DIVERSIFIED HEALTHCARE TRUST,DHC|DHCNI|DHCNL
"dMY Squared Technology Group, Inc.",DMY SQUARED TECHNOLOGY,DMYY|DMYYU
DONEGAL GROUP INC,DONEGAL,DGICA|DGICB
DT Cloud Acquisition Corp,DT CLOUD ACQUISITION,DYCQ|DYCQR|DYCQU
DT Cloud Star Acquisition Corp,DT CLOUD STAR ACQUISITION,DTSQ|DTSQR|DTSQU
Dynamix Corp,DYNAMIX,ETHM|ETHMU
DYNEX CAPITAL INC,DYNEX CAPITAL,DX|DX.PRC
Eagle Point Credit Co Inc.,EAGLE POINT CREDIT,ECC|ECC.PRD|ECCC|ECCF|ECCV|ECCW|ECCX
ENBRIDGE INC,ENBRIDGE,EBBGF|EBBNF|EBGEF|EBRGF|EBRZF|ENB|ENBFF|ENBGF|ENBHF|ENBMF|ENBNF|ENBOF|ENBRF|ENNPF
Energy Transfer LP,ENERGY TRANSFER,ET|ET.PRI
ENTERPRISE FINANCIAL SERVICES CORP,ENTERPRISE FINANCIAL SERVICES,EFSC|EFSCP|EFSG
ENTERPRISE PRODUCTS PARTNERS L.P.,ENTERPRISE PRODUCTS PARTNERS,EPD|EPDU
EPR PROPERTIES,EPR PROPERTIES,EPR|EPR.PRC|EPR.PRE|EPR.PRG
EQV Ventures Acquisition Corp.,EQV VENTURES ACQUISITION,EQV|EQV.U
ESH Acquisition Corp.,ESH ACQUISITION,ESHA|ESHAR
"ESPORTS ENTERTAINMENT GROUP, INC.",ESPORTS ENTERTAINMENT,GMBL|GMBLP
Eureka Acquisition Corp,EUREKA ACQUISITION,EURK|EURKR|EURKU
"Exela Technologies, Inc.",EXELA TECHNOLOGIES,XELA|XELAP
"F&G Annuities & Life, Inc.",F AND G ANNUITIES AND LIFE,FG|FGN|FGSN
FACT II Acquisition Corp.,FACT II ACQUISITION,FACT|FACTU
FARMERS & MERCHANTS BANCORP,FARMERS AND MERCHANTS BANCORP,FMAO|FMCB
FARMERS & MERCHANTS BANCORP INC,FARMERS AND MERCHANTS BANCORP,FMAO|FMCB
"Fat Brands, Inc",FAT BRANDS,FAT|FATBB|FATBP
FEDERAL AGRICULTURAL MORTGAGE CORP,FEDERAL AGRICULTURAL MORTGAGE,AGM|AGM.A|AGM.PRD|AGM.PRE|AGM.PRF|AGM.PRG
FEDERAL HOME LOAN MORTGAGE CORP,FEDERAL HOME LOAN MORTGAGE,FMCC|FMCCG|FMCCH|FMCCI|FMCCJ|FMCCK|FMCCL|FMCCM|FMCCN|FMCCO|FMCCP|FMCCS|FMCCT|FMCKI|FMCKJ|FMCKK|FMCKL|FMCKM|FMCKN|FMCKO|FMCKP|FREGP|FREJN|FREJO|FREJP
FEDERAL REALTY INVESTMENT TRUST,FEDERAL REALTY INVESTMENT TRUST,FRT|FRT.PRC
FIFTH THIRD BANCORP,FIFTH THIRD BANCORP,FITB|FITBI|FITBO|FITBP
FINANCIAL INSTITUTIONS INC,FINANCIAL INSTITUTIONS,FIISO|FIISP|FISI
FIRST BANCORP /NC/,FIRST BANCORP,FBP|FNLC
FIRST BANCORP /PR/,FIRST BANCORP,FBP|FNLC
"First Bancorp, Inc /ME/",FIRST BANCORP,FBP|FNLC
FIRST BUSEY CORP /NV/,FIRST BUSEY,BUSE|BUSEP
FIRST FINANCIAL CORP /IN/,FIRST FINANCIAL,FFHMY|THFF
"First Guaranty Bancshares, Inc.",FIRST GUARANTY BANCSHARES,FGBI|FGBIP
FIRST HORIZON CORP,FIRST HORIZON,FHN|FHN.PRC|FHN.PRE|FHN.PRF
First Internet Bancorp,FIRST INTERNET BANCORP,INBK|INBKZ
Flag Ship Acquisition Corp,FLAG SHIP ACQUISITION,FSHP|FSHPR|FSHPU
"Fluent, Inc.",FLUENT,CNTMF|FLNT
"Fortress Biotech, Inc.",FORTRESS BIOTECH,FBIO|FBIOP
"Fossil Group, Inc.",FOSSIL,FOSL|FOSLL
Four Leaf Acquisition Corp,FOUR LEAF ACQUISITION,FORL|FORLU
Fox Corp,FOX,FOX|FOXA
"Franklin BSP Realty Trust, Inc.",FRANKLIN BSP REALTY TRUST,FBRT|FBRT.PRE
FULTON FINANCIAL CORP,FULTON FINANCIAL,FULT|FULTP
Future Vision II Acquisition Corp.,FUTURE VISION II ACQUISITION,FVN|FVNNR|FVNNU
FutureTech II Acquisition Corp.,FUTURETECH II ACQUISITION,FTII|FTIIU
GABELLI MULTIMEDIA TRUST INC.,GABELLI MULTIMEDIA TRUST,GGT|GGT.PRE|GGT.PRG
GENESIS ENERGY LP,GENESIS ENERGY,GEL|GNEYF
GEO GROUP INC,GEO,GEO|GEOHF
GigCapital7 Corp.,GIGCAPITAL7,GIG|GIGGU
GLADSTONE COMMERCIAL CORP,GLADSTONE COMMERCIAL,GOOD|GOODN|GOODO
GLADSTONE LAND Corp,GLADSTONE LAND,LAND|LANDM|LANDO|LANDP
Global Crossing Airlines Group Inc.,GLOBAL CROSSING AIRLINES,JETBF|JETMF
Global Medical REIT Inc.,GLOBAL MEDICAL REIT,GMRE|GMRE.PRA
"Global Net Lease, Inc.",GLOBAL NET LEASE,GNL|GNL.PRA|GNL.PRB|GNL.PRD|GNL.PRE
GLOBAL PARTNERS LP,GLOBAL PARTNERS,GLP|GLP.PRB
GLOBAL TECHNOLOGIES LTD,GLOBAL TECHNOLOGIES,GTGP|GTLL
GLOBALINK INVESTMENT INC.,GLOBALINK INVESTMENT,GLLI|GLLIR|GLLIU
GLOBE LIFE INC.,GLOBE LIFE,GL|GL.PRD
Goal Acquisitions Corp.,GOAL ACQUISITIONS,PUCK|PUCKU
Goldenstone Acquisition Ltd.,GOLDENSTONE ACQUISITION,GDST|GDSTR|GDSTU
GOLDMAN SACHS GROUP INC,GOLDMAN SACHS,GS|GS.PRA|GS.PRC|GS.PRD|GSCE
GP-Act III Acquisition Corp.,GP ACT III ACQUISITION,GPAT|GPATU
Graf Global Corp.,GRAF GLOBAL,GRAF|GRAF.U
GRAHAM CORP,GRAHAM,GHC|GHM
Granite Point Mortgage Trust Inc.,GRANITE POINT MORTGAGE TRUST,GPMT|GPMT.PRA
Great Elm Capital Corp.,GREAT ELM CAPITAL,GECC|GECCI|GECCO
Greenidge Generation Holdings Inc.,GREENIDGE GENERATION,GREE|GREEL
"GREIF, INC",GREIF,GEF|GEF.B
HANCOCK WHITNEY CORP,HANCOCK WHITNEY,HWC|HWCPZ
HAVERTY FURNITURE COMPANIES INC,HAVERTY FURNITURE COMPANIES,HVT|HVT.A
Haymaker Acquisition Corp. 4,HAYMAKER ACQUISITION CORP 4,HYAC|HYAC.U
HECLA MINING CO/DE/,HECLA MINING,HL|HL.PRB
HEICO CORP,HEICO,HEI|HEI.A
HENNESSY ADVISORS INC,HENNESSY ADVISORS,HNNA|HNNAZ
"Hepion Pharmaceuticals, Inc.",HEPION PHARMACEUTICALS,CTRVP|HEPA
"Hercules Capital, Inc.",HERCULES CAPITAL,HCXY|HTGC
Hewlett Packard Enterprise Co,HEWLETT PACKARD ENTERPRISE,HPE|HPE.PRC
Horizon Space Acquisition II Corp.,HORIZON SPACE ACQUISITION II,HSPT|HSPTR|HSPTU
Horizon Technology Finance Corp,HORIZON TECHNOLOGY FINANCE,HRZN|HTFB|HTFC
HOVNANIAN ENTERPRISES INC,HOVNANIAN ENTERPRISES,HOV|HOVNP|HOVVB
Howmet Aerospace Inc.,HOWMET AEROSPACE,HWM|HWM.PR
"Hudson Pacific Properties, Inc.",HUDSON PACIFIC PROPERTIES,HPP|HPP.PRC
HUNTINGTON BANCSHARES INC /MD/,HUNTINGTON BANCSHARES,HBAN|HBANL|HBANM|HBANP
"Hyperscale Data, Inc.",HYPERSCALE DATA,GPUS|GPUS.PRD
IB Acquisition Corp.,IB ACQUISITION,IBAC|IBACR
Inception Growth Acquisition Ltd,INCEPTION GROWTH ACQUISITION,IGTA|IGTAR|IGTAU
INNOVATIVE INDUSTRIAL PROPERTIES INC,INNOVATIVE INDUSTRIAL PROPERTIES,IIPR|IIPR.PRA
Integral Acquisition Corp 1,INTEGRAL ACQUISITION CORP 1,INTE|INTEU
INTEGRATED RAIL & RESOURCES ACQUISITION CORP,INTEGRATED RAIL AND RESOURCES ACQUISITION,IRRX|IRRXU
International Media Acquisition Corp.,INTERNATIONAL MEDIA ACQUISITION,IMAQ|IMAQR|IMAQU
INTERNATIONAL PAPER CO /NEW/,INTERNATIONAL PAPER,INPAP|IP
Invesco Mortgage Capital Inc.,INVESCO MORTGAGE CAPITAL,IVR|IVR.PRC
"Investview, Inc.",INVESTVIEW,INVU|INVUP
Israel Acquisitions Corp,ISRAEL ACQUISITIONS,ISRL|ISRLU
Jackson Acquisition Co II,JACKSON ACQUISITION CO II,JACS|JACS.U
Jackson Financial Inc.,JACKSON FINANCIAL,JXN|JXN.PRA
"JOHN WILEY & SONS, INC.",JOHN WILEY AND SONS,WLY|WLYB
JPMORGAN CHASE & CO,JPMORGAN CHASE AND,JPM|JPM.PRC|JPM.PRD|JPM.PRJ|JPM.PRK|JPM.PRL|JPM.PRM
KELLY SERVICES INC,KELLY SERVICES,KELYA|KELYB
KEMPER Corp,KEMPER,KMPB|KMPR
KEYCORP /NEW/,KEYCORP,KEY|KEY.PRI|KEY.PRJ|KEY.PRK|KEY.PRL
KIMCO REALTY CORP,KIMCO REALTY,KIM|KIM.PRL|KIM.PRM|KIM.PRN
KKR Real Estate Finance Trust Inc.,KKR REAL ESTATE FINANCE TRUST,KREF|KREF.PRA
Launch One Acquisition Corp.,LAUNCH ONE ACQUISITION,LPAA|LPAAU
Legato Merger Corp. III,LEGATO MERGER CORP III,LEGT|LEGT.U
LENNAR CORP /NEW/,LENNAR,LEN|LEN.B
Liberty Energy Inc.,LIBERTY ENERGY,LBRT|LBYE
Liberty Global Ltd.,LIBERTY GLOBAL,LBTYA|LBTYB|LBTYK
Liberty Latin America Ltd.,LIBERTY LATIN AMERICA,LILA|LILAB|LILAK
"Life360, Inc.",LIFE360,LIF|LIFX
"LifeMD, Inc.",LIFEMD,LFMD|LFMDP
LIGAND PHARMACEUTICALS INC,LIGAND PHARMACEUTICALS,LGND|LGNDZ|LGNXZ|LGNYZ|LGNZZ
"Light & Wonder, Inc.",LIGHT AND WONDER,LAWIL|LNW
LINCOLN NATIONAL CORP,LINCOLN NATIONAL,LNC|LNC.PRD
Lionheart Holdings,LIONHEART,CUB|CUBWU
"Live Oak Bancshares, Inc.",LIVE OAK BANCSHARES,LOB|LOB.PRA
"Lument Finance Trust, Inc.",LUMENT FINANCE TRUST,LFT|LFT.PRA
LXP Industrial Trust,LXP INDUSTRIAL TRUST,LXP|LXP.PRC
M&T BANK CORP,M AND T BANK,MTB|MTB.PRH|MTB.PRJ
M3-Brigade Acquisition V Corp.,M3 BRIGADE ACQUISITION V,MBAV|MBAVU
"MainStreet Bancshares, Inc.",MAINSTREET BANCSHARES,MNSB|MNSBP
Maquia Capital Acquisition Corp,MAQUIA CAPITAL ACQUISITION,MAQC|MAQCU
Marblegate Acquisition Corp.,MARBLEGATE ACQUISITION,GATE|GATEU
MCCORMICK & CO INC,MCCORMICK AND,MKC|MKC.V
Merchants Bancorp,MERCHANTS BANCORP,MBIN|MBINL|MBINM|MBINN
METLIFE INC,METLIFE,MET|MET.PRA|MET.PRE|MET.PRF
"MFA FINANCIAL, INC.",MFA FINANCIAL,MFA|MFA.PRB|MFA.PRC|MFAN|MFAO
MICROCHIP TECHNOLOGY INC,MICROCHIP TECHNOLOGY,MCHP|MCHPP
MID AMERICA APARTMENT COMMUNITIES INC.,MID AMERICA APARTMENT COMMUNITIES,MAA|MAA.PRI
MidCap Financial Investment Corp,MIDCAP FINANCIAL INVESTMENT,MFIC|MFICL
"Midland States Bancorp, Inc.",MIDLAND STATES BANCORP,MSBI|MSBIP
"MODIV INDUSTRIAL, INC.",MODIV INDUSTRIAL,MDV|MDV.PRA
MOLSON COORS BEVERAGE CO,MOLSON COORS BEVERAGE,TAP|TAP.A
MOOG INC.,MOOG,MOG.A|MOG.B
MORGAN STANLEY,MORGAN STANLEY,MS|MS.PRA|MS.PRE|MS.PRF|MS.PRI|MS.PRK|MS.PRL|MS.PRO|MS.PRP|MS.PRQ
Mountain Crest Acquisition Corp. V,MOUNTAIN CREST ACQUISITION CORP V,MCAG|MCAGR|MCAGU
Mountain Lake Acquisition Corp.,MOUNTAIN LAKE ACQUISITION,MLAC|MLACR|MLACU
MOVADO GROUP INC,MOVADO,MOV|MOVAA
Nabors Energy Transition Corp. II,NABORS ENERGY TRANSITION CORP II,NETD|NETDU
National Storage Affiliates Trust,NATIONAL STORAGE AFFILIATES TRUST,NSA|NSA.PRA|NSA.PRB
NAVIENT CORP,NAVIENT,JSM|NAVI
NCR Voyix Corp,NCR VOYIX,NCRRP|VYX
NeuroMind AI Corp.,NEUROMIND AI,GGAAF|GGAUF
Newbury Street Acquisition Corp,NEWBURY STREET ACQUISITION,NBST|NBSTU
Newbury Street II Acquisition Corp,NEWBURY STREET II ACQUISITION,NTWO|NTWOU
NEWMONT Corp /DE/,NEWMONT,NEM|NEMCL
NEWS CORP,NEWS,NWS|NWSA
"NexPoint Real Estate Finance, Inc.",NEXPOINT REAL ESTATE FINANCE,NREF|NREF.PRA
NEXTERA ENERGY INC,NEXTERA ENERGY,NEE|NEE.PRS|NEE.PRT
NSTAR ELECTRIC CO,NSTAR ELECTRIC,NSARO|NSARP
Oak Woods Acquisition Corp,OAK WOODS ACQUISITION,OAKU|OAKUR|OAKUU
OFS Capital Corp,OFS CAPITAL,OFS|OFSSH
OLD NATIONAL BANCORP /IN/,OLD NATIONAL BANCORP,ONB|ONBPO|ONBPP
Papaya Growth Opportunity Corp. I,PAPAYA GROWTH OPPORTUNITY CORP I,PPYA|PPYAU
Pebblebrook Hotel Trust,PEBBLEBROOK HOTEL TRUST,PEB|PEB.PRE|PEB.PRF|PEB.PRG|PEB.PRH
PEOPLES BANCORP INC,PEOPLES BANCORP,PEBC|PEBO|PPBB
PG&E Corp,PG AND E,PCG|PCG.PRX
PhenixFIN Corp,PHENIXFIN,PFX|PFXNZ
PINNACLE FINANCIAL PARTNERS INC,PINNACLE FINANCIAL PARTNERS,PNFP|PNFPP
PITNEY BOWES INC /DE/,PITNEY BOWES,PBI|PBI.PRB
PLAINS ALL AMERICAN PIPELINE LP,PLAINS ALL AMERICAN PIPELINE,PAA|PAAPU
Polaris Inc.,POLARIS,JMOTF|PII
Power REIT,POWER REIT,PW|PW.PRA
"Presidio Property Trust, Inc.",PRESIDIO PROPERTY TRUST,SQFT|SQFTP
"Priority Technology Holdings, Inc.",PRIORITY TECHNOLOGY,PRTH|PRTHU
"Prologis, Inc.",PROLOGIS,PLD|PLDGP
PROSPECT CAPITAL CORP,PROSPECT CAPITAL,PSEC|PSEC.PRA
PRUDENTIAL FINANCIAL INC,PRUDENTIAL FINANCIAL,PFH|PRH|PRS|PRU
Public Storage,PUBLIC STORAGE,PSA|PSA.PRF|PSA.PRG|PSA.PRH|PSA.PRI|PSA.PRJ|PSA.PRK|PSA.PRL|PSA.PRM|PSA.PRN|PSA.PRO|PSA.PRP|PSA.PRQ|PSA.PRR|PSA.PRS
Quetta Acquisition Corp,QUETTA ACQUISITION,QETA|QETAR|QETAU
"Ramaco Resources, Inc.",RAMACO RESOURCES,METC|METCB
RAYMOND JAMES FINANCIAL INC,RAYMOND JAMES FINANCIAL,RJF|RJF.PRB
READING INTERNATIONAL INC,READING INTERNATIONAL,RDI|RDIB
Ready Capital Corp,READY CAPITAL,RC|RC.PRC|RC.PRE|RCB|RCC|RCD
REGENCY CENTERS CORP,REGENCY CENTERS,REG|REGCO|REGCP
"REGIONAL HEALTH PROPERTIES, INC",REGIONAL HEALTH PROPERTIES,RHEP|RHEPB
REGIONS FINANCIAL CORP,REGIONS FINANCIAL,RF|RF.PRC|RF.PRE|RF.PRF
REINSURANCE GROUP OF AMERICA INC,REINSURANCE GROUP OF AMERICA,RGA|RZB|RZC
RENAISSANCERE HOLDINGS LTD,RENAISSANCERE,RNR|RNR.PRF|RNR.PRG
RESMED INC,RESMED,RMD|RSMDF
"Rexford Industrial Realty, Inc.",REXFORD INDUSTRIAL REALTY,REXR|REXR.PRB|REXR.PRC
RF Acquisition Corp II,RF ACQUISITION CORP II,RFAI|RFAIR|RFAIU
Rigel Resource Acquisition Corp.,RIGEL RESOURCE ACQUISITION,RRAC.U|RRACF
Rithm Capital Corp.,RITHM CAPITAL,RITM|RITM.PRA|RITM.PRB|RITM.PRC|RITM.PRD
Roman DBDR Acquisition Corp. II,ROMAN DBDR ACQUISITION CORP II,DRDB|DRDBU
Runway Growth Finance Corp.,RUNWAY GROWTH FINANCE,RWAY|RWAYL|RWAYZ
Sachem Capital Corp.,SACHEM CAPITAL,SACH|SACH.PRA|SCCD|SCCE|SCCF|SCCG
SARATOGA INVESTMENT CORP.,SARATOGA INVESTMENT,SAJ|SAR|SAT|SAY|SAZ
"SAUL CENTERS, INC.",SAUL CENTERS,BFS|BFS.PRD|BFS.PRE
SELECTIVE INSURANCE GROUP INC,SELECTIVE INSURANCE,SIGI|SIGIP
Seritage Growth Properties,SERITAGE GROWTH PROPERTIES,SRG|SRG.PRA
"Shift4 Payments, Inc.",SHIFT4 PAYMENTS,FOUR|FOUR.PRA
SIMON PROPERTY GROUP INC /DE/,SIMON PROPERTY,SPG|SPG.PRJ
SL GREEN REALTY CORP,SL GREEN REALTY,SLG|SLG.PRI
SLM Corp,SLM,SLM|SLMBP
"SmartStop Self Storage REIT, Inc.",SMARTSTOP SELF STORAGE REIT,SMA|SSST|STSFF
"Soluna Holdings, Inc",SOLUNA,SLNH|SLNHP
"Sound Point Meridian Capital, Inc.",SOUND POINT MERIDIAN CAPITAL,SPMA|SPMC|SPME
SOUTHERN CALIFORNIA GAS CO,SOUTHERN CALIFORNIA GAS,SOCGM|SOCGP
"SPAR Group, Inc.",SPAR,SGPPF|SGPPY|SGRP
Spark I Acquisition Corp,SPARK I ACQUISITION,SPKL|SPKLU
SPIRE INC,SPIRE,SR|SR.PRA
Spring Valley Acquisition Corp. II,SPRING VALLEY ACQUISITION CORP II,SVII|SVIIR|SVIIU
SSR MINING INC.,SSR MINING,SSRGF|SSRM
"STAR GROUP, L.P.",STAR,SGU|STHO
Star Holdings,STAR,SGU|STHO
"STAR EQUITY HOLDINGS, INC.",STAR EQUITY,STRR|STRRP
"STEM, INC.",STEM,STEM|STMH
STIFEL FINANCIAL CORP,STIFEL FINANCIAL,SF|SF.PRB|SF.PRC|SF.PRD|SFB
"Summit Hotel Properties, Inc.",SUMMIT HOTEL PROPERTIES,INN|INN.PRE|INN.PRF
"Sunstone Hotel Investors, Inc.",SUNSTONE HOTEL INVESTORS,SHO|SHO.PRH|SHO.PRI
SURO CAPITAL CORP.,SURO CAPITAL,SSSS|SSSSL
SWK Holdings Corp,SWK,SWKH|SWKHL
Synchrony Financial,SYNCHRONY FINANCIAL,SYF|SYF.PRA|SYF.PRB
SYNOVUS FINANCIAL CORP,SYNOVUS FINANCIAL,SNV|SNV.PRD|SNV.PRE
Tamboran Resources Corp,TAMBORAN RESOURCES,TBN|TBNRL
TARGET CORP,TARGET,CBDY|TGT
Tavia Acquisition Corp.,TAVIA ACQUISITION,TAVI|TAVIR|TAVIU
TELEPHONE & DATA SYSTEMS INC /DE/,TELEPHONE AND DATA SYSTEMS,TDS|TDS.PRV|TDSpU
TEVA PHARMACEUTICAL INDUSTRIES LTD,TEVA PHARMACEUTICAL INDUSTRIES,TEVA|TEVJF
"Tingo Group, Inc.",TINGO,TIOG|TMNA
TORO CO,TORO,TORO|TTC
"TPG RE Finance Trust, Inc.",TPG RE FINANCE TRUST,TRTX|TRTX.PRC
Trinity Capital Inc.,TRINITY CAPITAL,TRIN|TRINI|TRINZ
Triton International Ltd,TRITON INTERNATIONAL,TRTN.PRB|TRTN.PRC|TRTN.PRD|TRTN.PRE
"Triumph Financial, Inc.",TRIUMPH FINANCIAL,TFIN|TFIN.PR
TRUIST FINANCIAL CORP,TRUIST FINANCIAL,TFC|TFC.PRI|TFC.PRO|TFC.PRR
TWO HARBORS INVESTMENT CORP.,TWO HARBORS INVESTMENT,TWO|TWO.PRA|TWO.PRB|TWO.PRC|TWOD
U-Haul Holding Co /NV/,U HAUL,UHAL|UHAL.B
UMB FINANCIAL CORP,UMB FINANCIAL,UMBF|UMBFO
"Under Armour, Inc.",UNDER ARMOUR,UA|UAA
UNION ELECTRIC CO,UNION ELECTRIC,UELMO|UEPCN|UEPCO|UEPCP|UEPEM|UEPEN|UEPEO|UEPEP
Unum Group,UNUM,UNM|UNMA
"URBAN ONE, INC.",URBAN ONE,UONE|UONEK
VALLEY NATIONAL BANCORP,VALLEY NATIONAL BANCORP,VLY|VLYPN|VLYPO|VLYPP
Vine Hill Capital Investment Corp.,VINE HILL CAPITAL INVESTMENT,VCIC|VCICU
VORNADO REALTY TRUST,VORNADO REALTY TRUST,VNO|VNO.PRL|VNO.PRM|VNO.PRN|VNO.PRO|VNORP
"Voya Financial, Inc.",VOYA FINANCIAL,VOYA|VOYA.PRB
WAFD INC,WAFD,WAFD|WAFDP
WATSCO INC,WATSCO,WSO|WSO.B
WEBSTER FINANCIAL CORP,WEBSTER FINANCIAL,WBS|WBS.PRF|WBS.PRG
Welsbach Technology Metals Acquisition Corp.,WELSBACH TECHNOLOGY METALS ACQUISITION,WTMA|WTMAR|WTMAU
WESBANCO INC,WESBANCO,WSBC|WSBCP
"Wheeler Real Estate Investment Trust, Inc.",WHEELER REAL ESTATE INVESTMENT TRUST,MTLPF|WHLR|WHLRD|WHLRL|WHLRP
"WhiteHorse Finance, Inc.",WHITEHORSE FINANCE,WHF|WHFCL
WILLAMETTE VALLEY VINEYARDS INC,WILLAMETTE VALLEY VINEYARDS,WVVI|WVVIP
Willow Lane Acquisition Corp.,WILLOW LANE ACQUISITION,WLAC|WLACU
WINTRUST FINANCIAL CORP,WINTRUST FINANCIAL,WTFC|WTFCN
WinVest Acquisition Corp.,WINVEST ACQUISITION,WINV|WINVR|WINVU
XAI Octagon Floating Rate & Alternative Income Trust,XAI OCTAGON FLOATING RATE AND ALTERNATIVE INCOME TRUST,XFLT|XFLT.PRA
XOMA Royalty Corp,XOMA ROYALTY,XOMA|XOMAO|XOMAP
YHN Acquisition I Ltd,YHN ACQUISITION I,YHNA|YHNAR|YHNAU
Yotta Acquisition Corp,YOTTA ACQUISITION,YOTA|YOTAR|YOTAU
Zai Lab Ltd,ZAI LAB,ZAILF|ZLAB
"ZILLOW GROUP, INC.",ZILLOW,Z|ZG
