company,company_norm,ticker_candidates_str,TICKER_COMMON
"5E Advanced Materials, Inc.",5E ADVANCED MATERIALS,FEAM|FEAV,FEAM
ACRES Commercial Realty Corp.,ACRES COMMERCIAL REALTY,ACR|ACR.PRC|ACR.PRD,ACR
"AFFILIATED MANAGERS GROUP, INC.",AFFILIATED MANAGERS,AMG|MGR|MGRB|MGRD|MGRE,AMG
"AG Mortgage Investment Trust, Inc.",AG MORTGAGE INVESTMENT TRUST,MITN|MITP|MITT|MITT.PRA|MITT.PRB|MITT.PRC,MITN
AGREE REALTY CORP,AGREE REALTY,ADC|ADC.PRA,ADC
Agriculture & Natural Solutions Acquisition Corp,AGRICULTURE AND NATURAL SOLUTIONS ACQUISITION,ANSC|ANSCU,ANSC
"Aimei Health Technology Co., Ltd.",AIMEI HEALTH TECHNOLOGY,AFJK|AFJKR|AFJKU,AFJK
ALBEMARLE CORP,ALBEMARLE,ALB|ALB.PRA,ALB
Alchemy Investments Acquisition Corp 1,ALCHEMY INVESTMENTS ACQUISITION CORP 1,ALCY|ALCYU,ALCY
ALLSTATE CORP,ALLSTATE,ALL|ALL.PRB|ALL.PRH|ALL.PRI|ALL.PRJ,ALL
Alphabet Inc.,ALPHABET,GOOG|GOOGL,GOOG
ALPHATIME ACQUISITION CORP,ALPHATIME ACQUISITION,ATMC|ATMCR|ATMCU,ATMC
AlphaVest Acquisition Corp.,ALPHAVEST ACQUISITION,ATMV|ATMVR|ATMVU,ATMV
ALTA EQUIPMENT GROUP INC.,ALTA EQUIPMENT,ALTG|ALTG.PRA,ALTG
AltEnergy Acquisition Corp,ALTENERGY ACQUISITION,AEAE|AEAEU,AEAE
Amcor plc,AMCOR,AMCCF|AMCR,AMCCF
Ameren Illinois Co,AMEREN ILLINOIS,AILIH|AILIM|AILIN|AILIO|AILIP|AILLI|AILLM|AILLN|AILLO|AILLP,AILIH
AMERICAN FINANCIAL GROUP INC,AMERICAN FINANCIAL,AFG|AFGB|AFGC|AFGD|AFGE,AFG
American Homes 4 Rent,AMERICAN HOMES 4 RENT,AMH|AMH.PRG|AMH.PRH,AMH
"AMERICAN INTERNATIONAL GROUP, INC.",AMERICAN INTERNATIONAL,AIG|AMIH,AIG
Andretti Acquisition Corp. II,ANDRETTI ACQUISITION CORP II,POLE|POLEU,POLE
ANNALY CAPITAL MANAGEMENT INC,ANNALY CAPITAL MANAGEMENT,NLY|NLY.PRF|NLY.PRG|NLY.PRI|NLY.PRJ,NLY
"Apollo Global Management, Inc.",APOLLO GLOBAL MANAGEMENT,APO|APO.PRA|APOS,APO
"APPLIED ENERGETICS, INC.",APPLIED ENERGETICS,AERG|AERGP,AERG
Aquaron Acquisition Corp.,AQUARON ACQUISITION,AQUC|AQUNR|AQUNU,AQUC
ARBOR REALTY TRUST INC,ARBOR REALTY TRUST,ABR|ABR.PRD|ABR.PRE|ABR.PRF,ABR
ARCH CAPITAL GROUP LTD.,ARCH CAPITAL,ACGL|ACGLN|ACGLO,ACGL
Ares Management Corp,ARES MANAGEMENT,ARES|ARES.PRB,ARES
"Armada Hoffler Properties, Inc.",ARMADA HOFFLER PROPERTIES,AHH|AHH.PRA,AHH
"Armour Residential REIT, Inc.",ARMOUR RESIDENTIAL REIT,ARR|ARR.PRC,ARR
Arogo Capital Acquisition Corp.,AROGO CAPITAL ACQUISITION,AOGO|AOGOU,AOGO
ARTESIAN RESOURCES CORP,ARTESIAN RESOURCES,ARTNA|ARTNB,ARTNA
ASSOCIATED BANC-CORP,ASSOCIATED BANC,ASB|ASB.PRE|ASB.PRF|ASBA,ASB
"ASSURANT, INC.",ASSURANT,AIZ|AIZN,AIZ
ASTRONICS CORP,ASTRONICS,ATRO|ATROB,ATRO
AT&T INC.,AT AND T,T|T.PRA|T.PRC|TBB,T
Athena Technology Acquisition Corp. II,ATHENA TECHNOLOGY ACQUISITION CORP II,ATEK|ATEKU,ATEK
Athene Holding Ltd.,ATHENE,ATH.PRA|ATH.PRB|ATH.PRD|ATH.PRE|ATHS,ATHS
Atlantic Union Bankshares Corp,ATLANTIC UNION BANKSHARES,AUB|AUB.PRA,AUB
"AVITA Medical, Inc.",AVITA MEDICAL,AVHHL|RCEL,AVHHL
"B. Riley Financial, Inc.",B RILEY FINANCIAL,RILY|RILYG|RILYK|RILYL|RILYN|RILYP|RILYT|RILYZ,RILY
"Babcock & Wilcox Enterprises, Inc.",BABCOCK AND WILCOX ENTERPRISES,BW|BW.PRA|BWNB|BWSN,BW
"BANC OF CALIFORNIA, INC.",BANC OF CALIFORNIA,BANC|BANC.PRF,BANC
BANK OF AMERICA CORP /DE/,BANK OF AMERICA,BAC|BAC.PRB|BAC.PRE|BAC.PRK|BAC.PRL|BAC.PRM|BAC.PRN|BAC.PRO|BAC.PRP|BAC.PRQ|BAC.PRS|BACRP|BML.PRG|BML.PRH|BML.PRJ|BML.PRL|MER.PRK,BAC
BANK OF HAWAII CORP,BANK OF HAWAII,BOH|BOH.PRA|BOH.PRB,BOH
Bayview Acquisition Corp,BAYVIEW ACQUISITION,BAYA|BAYAR|BAYAU,BAYA
"BBX Capital, Inc.",BBX CAPITAL,BBXIA|BBXIB,BBXIA
BERKSHIRE HATHAWAY INC,BERKSHIRE HATHAWAY,BRK.A|BRK.B,BRK.A
"BIO-RAD LABORATORIES, INC.",BIO RAD LABORATORIES,BIO|BIO.B,BIO
Black Hawk Acquisition Corp,BLACK HAWK ACQUISITION,BKHA|BKHAR|BKHAU,BKHA
Bleichroeder Acquisition Corp. I,BLEICHROEDER ACQUISITION CORP I,BACQ|BACQU,BACQ
"Block, Inc.",BLOCK,BSQKZ|XYZ,BSQKZ
Blue Owl Capital Corp,BLUE OWL CAPITAL,OBDC|OWL,OBDC
BOEING CO,BOEING,BA|BA.PRA,BA
Bold Eagle Acquisition Corp.,BOLD EAGLE ACQUISITION,BEAG|BEAGR|BEAGU,BEAG
Bowen Acquisition Corp,BOWEN ACQUISITION,BOWN|BOWNR|BOWNU,BOWN
Braemar Hotels & Resorts Inc.,BRAEMAR HOTELS AND RESORTS,BHR|BHR.PRB|BHR.PRD,BHR
Bridgewater Bancshares Inc,BRIDGEWATER BANCSHARES,BWB|BWBBP,BWB
"Brighthouse Financial, Inc.",BRIGHTHOUSE FINANCIAL,BHF|BHFAL|BHFAM|BHFAN|BHFAO|BHFAP,BHF
"BrightSpring Health Services, Inc.",BRIGHTSPRING HEALTH SERVICES,BTSG|BTSGU,BTSG
BRISTOL MYERS SQUIBB CO,BRISTOL MYERS SQUIBB,BMY|BMYMP,BMY
"Brookfield Oaktree Holdings, LLC",BROOKFIELD OAKTREE,OAK.PRA|OAK.PRB,OAK.PRA
BRUKER CORP,BRUKER,BRKR|BRKRP,BRKR
BRUNSWICK CORP,BRUNSWICK,BC|BC.PRA|BC.PRC,BC
byNordic Acquisition Corp,BYNORDIC ACQUISITION,BYNO|BYNOU,BYNO
"CALIX, INC",CALIX,CALX|CLXLF,CALX
"CANTALOUPE, INC.",CANTALOUPE,CTLP|CTLPP,CTLP
"CareCloud, Inc.",CARECLOUD,CCLD|CCLDO,CCLD
Carlyle Credit Income Fund,CARLYLE CREDIT INCOME FUND,CCIA|CCIF,CCIA
"Carlyle Secured Lending, Inc.",CARLYLE SECURED LENDING,CGBD|CGBDL,CGBD
CARNIVAL CORP,CARNIVAL,CCL|CUK|CUKPF,CCL
Cayson Acquisition Corp,CAYSON ACQUISITION,CAPN|CAPNR|CAPNU,CAPN
CDW Corp,CDW,CDW|CDWHF,CDW
CENTRAL GARDEN & PET CO,CENTRAL GARDEN AND PET,CENT|CENTA,CENT
Centurion Acquisition Corp.,CENTURION ACQUISITION,ALF|ALFUU,ALF
Charlton Aria Acquisition Corp,CHARLTON ARIA ACQUISITION,CHAR|CHARU,CHAR
CHART INDUSTRIES INC,CHART INDUSTRIES,GTLS|GTLS.PRB,GTLS
Chatham Lodging Trust,CHATHAM LODGING TRUST,CLDT|CLDT.PRA,CLDT
Cherry Hill Mortgage Investment Corp,CHERRY HILL MORTGAGE INVESTMENT,CHMI|CHMI.PRA|CHMI.PRB,CHMI
China Foods Holdings Ltd.,CHINA FOODS,CFOO|CHFHY|CHNFF,CFOO
CHS INC,CHS,CHSCL|CHSCM|CHSCN|CHSCO|CHSCP,CHSCL
CION Investment Corp,CION INVESTMENT,CICB|CION,CICB
"City Office REIT, Inc.",CITY OFFICE REIT,CIO|CIO.PRA,CIO
"Clearway Energy, Inc.",CLEARWAY ENERGY,CWEN|CWEN.A,CWEN
CMS ENERGY CORP,CMS ENERGY,CMS|CMS.PRC|CMSA|CMSC|CMSD,CMS
"CNO Financial Group, Inc.",CNO FINANCIAL,CNO|CNO.PRA,CNO
CO2 Energy Transition Corp.,CO2 ENERGY TRANSITION,NOEM|NOEMR|NOEMU,NOEM
COFFEE HOLDING CO INC,COFFEE,COFE|JVA,COFE
COMCAST CORP,COMCAST,CCZ|CMCSA,CCZ
"Compass, Inc.",COMPASS,CMPGF|CMPGY|COMP,CMPGF
Compass Diversified Holdings,COMPASS DIVERSIFIED,CODI|CODI.PRA|CODI.PRB|CODI.PRC,CODI
COMSovereign Holding Corp.,COMSOVEREIGN,COMS|COMSP,COMS
"ConnectOne Bancorp, Inc.",CONNECTONE BANCORP,CNOB|CNOBP,CNOB
"Corebridge Financial, Inc.",COREBRIDGE FINANCIAL,CRBD|CRBG,CRBD
CRAWFORD & CO,CRAWFORD AND,CRD.A|CRD.B,CRD.A
"Crescent Capital BDC, Inc.",CRESCENT CAPITAL BDC,CCAP|FCRX,CCAP
"CTO Realty Growth, Inc.",CTO REALTY GROWTH,CTO|CTO.PRA,CTO
"CULLEN/FROST BANKERS, INC.",CULLEN FROST BANKERS,CFR|CFR.PRB,CFR
"Customers Bancorp, Inc.",CUSTOMERS BANCORP,CUBB|CUBI|CUBI.PRF,CUBB
"DIGITAL REALTY TRUST, INC.",DIGITAL REALTY TRUST,DLR|DLR.PRJ|DLR.PRK|DLR.PRL,DLR
"DigitalBridge Group, Inc.",DIGITALBRIDGE,DBRG|DBRG.PRH|DBRG.PRI|DBRG.PRJ,DBRG
"Dime Community Bancshares, Inc. /NY/",DIME COMMUNITY BANCSHARES,DCOM|DCOMP,DCOM
Direct Selling Acquisition Corp.,DIRECT SELLING ACQUISITION,DSAQ|DSAQU,DSAQ
DIVERSIFIED HEALTHCARE TRUST,DIVERSIFIED HEALTHCARE TRUST,DHC|DHCNI|DHCNL,DHC
"dMY Squared Technology Group, Inc.",DMY SQUARED TECHNOLOGY,DMYY|DMYYU,DMYY
DONEGAL GROUP INC,DONEGAL,DGICA|DGICB,DGICA
DT Cloud Acquisition Corp,DT CLOUD ACQUISITION,DYCQ|DYCQR|DYCQU,DYCQ
DT Cloud Star Acquisition Corp,DT CLOUD STAR ACQUISITION,DTSQ|DTSQR|DTSQU,DTSQ
Dynamix Corp,DYNAMIX,ETHM|ETHMU,ETHM
DYNEX CAPITAL INC,DYNEX CAPITAL,DX|DX.PRC,DX
Eagle Point Credit Co Inc.,EAGLE POINT CREDIT,ECC|ECC.PRD|ECCC|ECCF|ECCV|ECCW|ECCX,ECC
ENBRIDGE INC,ENBRIDGE,EBBGF|EBBNF|EBGEF|EBRGF|EBRZF|ENB|ENBFF|ENBGF|ENBHF|ENBMF|ENBNF|ENBOF|ENBRF|ENNPF,EBBGF
Energy Transfer LP,ENERGY TRANSFER,ET|ET.PRI,ET
ENTERPRISE FINANCIAL SERVICES CORP,ENTERPRISE FINANCIAL SERVICES,EFSC|EFSCP|EFSG,EFSC
ENTERPRISE PRODUCTS PARTNERS L.P.,ENTERPRISE PRODUCTS PARTNERS,EPD|EPDU,EPD
EPR PROPERTIES,EPR PROPERTIES,EPR|EPR.PRC|EPR.PRE|EPR.PRG,EPR
EQV Ventures Acquisition Corp.,EQV VENTURES ACQUISITION,EQV|EQV.U,EQV
ESH Acquisition Corp.,ESH ACQUISITION,ESHA|ESHAR,ESHA
"ESPORTS ENTERTAINMENT GROUP, INC.",ESPORTS ENTERTAINMENT,GMBL|GMBLP,GMBL
Eureka Acquisition Corp,EUREKA ACQUISITION,EURK|EURKR|EURKU,EURK
"Exela Technologies, Inc.",EXELA TECHNOLOGIES,XELA|XELAP,XELA
"F&G Annuities & Life, Inc.",F AND G ANNUITIES AND LIFE,FG|FGN|FGSN,FG
FACT II Acquisition Corp.,FACT II ACQUISITION,FACT|FACTU,FACT
FARMERS & MERCHANTS BANCORP,FARMERS AND MERCHANTS BANCORP,FMAO|FMCB,FMAO
"Fat Brands, Inc",FAT BRANDS,FAT|FATBB|FATBP,FAT
FEDERAL AGRICULTURAL MORTGAGE CORP,FEDERAL AGRICULTURAL MORTGAGE,AGM|AGM.A|AGM.PRD|AGM.PRE|AGM.PRF|AGM.PRG,AGM
FEDERAL HOME LOAN MORTGAGE CORP,FEDERAL HOME LOAN MORTGAGE,FMCC|FMCCG|FMCCH|FMCCI|FMCCJ|FMCCK|FMCCL|FMCCM|FMCCN|FMCCO|FMCCP|FMCCS|FMCCT|FMCKI|FMCKJ|FMCKK|FMCKL|FMCKM|FMCKN|FMCKO|FMCKP|FREGP|FREJN|FREJO|FREJP,FMCC
FEDERAL REALTY INVESTMENT TRUST,FEDERAL REALTY INVESTMENT TRUST,FRT|FRT.PRC,FRT
FIFTH THIRD BANCORP,FIFTH THIRD BANCORP,FITB|FITBI|FITBO|FITBP,FITB
FINANCIAL INSTITUTIONS INC,FINANCIAL INSTITUTIONS,FIISO|FIISP|FISI,FIISO
FIRST BANCORP /NC/,FIRST BANCORP,FBP|FNLC,FBP
FIRST BUSEY CORP /NV/,FIRST BUSEY,BUSE|BUSEP,BUSE
FIRST FINANCIAL CORP /IN/,FIRST FINANCIAL,FFHMY|THFF,FFHMY
"First Guaranty Bancshares, Inc.",FIRST GUARANTY BANCSHARES,FGBI|FGBIP,FGBI
FIRST HORIZON CORP,FIRST HORIZON,FHN|FHN.PRC|FHN.PRE|FHN.PRF,FHN
First Internet Bancorp,FIRST INTERNET BANCORP,INBK|INBKZ,INBK
Flag Ship Acquisition Corp,FLAG SHIP ACQUISITION,FSHP|FSHPR|FSHPU,FSHP
"Fluent, Inc.",FLUENT,CNTMF|FLNT,CNTMF
"Fortress Biotech, Inc.",FORTRESS BIOTECH,FBIO|FBIOP,FBIO
"Fossil Group, Inc.",FOSSIL,FOSL|FOSLL,FOSL
Four Leaf Acquisition Corp,FOUR LEAF ACQUISITION,FORL|FORLU,FORL
Fox Corp,FOX,FOX|FOXA,FOX
"Franklin BSP Realty Trust, Inc.",FRANKLIN BSP REALTY TRUST,FBRT|FBRT.PRE,FBRT
FULTON FINANCIAL CORP,FULTON FINANCIAL,FULT|FULTP,FULT
Future Vision II Acquisition Corp.,FUTURE VISION II ACQUISITION,FVN|FVNNR|FVNNU,FVN
FutureTech II Acquisition Corp.,FUTURETECH II ACQUISITION,FTII|FTIIU,FTII
GABELLI MULTIMEDIA TRUST INC.,GABELLI MULTIMEDIA TRUST,GGT|GGT.PRE|GGT.PRG,GGT
GENESIS ENERGY LP,GENESIS ENERGY,GEL|GNEYF,GEL
GEO GROUP INC,GEO,GEO|GEOHF,GEO
GigCapital7 Corp.,GIGCAPITAL7,GIG|GIGGU,GIG
GLADSTONE COMMERCIAL CORP,GLADSTONE COMMERCIAL,GOOD|GOODN|GOODO,GOOD
GLADSTONE LAND Corp,GLADSTONE LAND,LAND|LANDM|LANDO|LANDP,LAND
Global Crossing Airlines Group Inc.,GLOBAL CROSSING AIRLINES,JETBF|JETMF,JETBF
Global Medical REIT Inc.,GLOBAL MEDICAL REIT,GMRE|GMRE.PRA,GMRE
"Global Net Lease, Inc.",GLOBAL NET LEASE,GNL|GNL.PRA|GNL.PRB|GNL.PRD|GNL.PRE,GNL
GLOBAL PARTNERS LP,GLOBAL PARTNERS,GLP|GLP.PRB,GLP
GLOBAL TECHNOLOGIES LTD,GLOBAL TECHNOLOGIES,GTGP|GTLL,GTGP
GLOBALINK INVESTMENT INC.,GLOBALINK INVESTMENT,GLLI|GLLIR|GLLIU,GLLI
GLOBE LIFE INC.,GLOBE LIFE,GL|GL.PRD,GL
Goal Acquisitions Corp.,GOAL ACQUISITIONS,PUCK|PUCKU,PUCK
Goldenstone Acquisition Ltd.,GOLDENSTONE ACQUISITION,GDST|GDSTR|GDSTU,GDST
GOLDMAN SACHS GROUP INC,GOLDMAN SACHS,GS|GS.PRA|GS.PRC|GS.PRD|GSCE,GS
GP-Act III Acquisition Corp.,GP ACT III ACQUISITION,GPAT|GPATU,GPAT
Graf Global Corp.,GRAF GLOBAL,GRAF|GRAF.U,GRAF
GRAHAM CORP,GRAHAM,GHC|GHM,GHC
Granite Point Mortgage Trust Inc.,GRANITE POINT MORTGAGE TRUST,GPMT|GPMT.PRA,GPMT
Great Elm Capital Corp.,GREAT ELM CAPITAL,GECC|GECCI|GECCO,GECC
Greenidge Generation Holdings Inc.,GREENIDGE GENERATION,GREE|GREEL,GREE
"GREIF, INC",GREIF,GEF|GEF.B,GEF
HANCOCK WHITNEY CORP,HANCOCK WHITNEY,HWC|HWCPZ,HWC
HAVERTY FURNITURE COMPANIES INC,HAVERTY FURNITURE COMPANIES,HVT|HVT.A,HVT
Haymaker Acquisition Corp. 4,HAYMAKER ACQUISITION CORP 4,HYAC|HYAC.U,HYAC
HECLA MINING CO/DE/,HECLA MINING,HL|HL.PRB,HL
HEICO CORP,HEICO,HEI|HEI.A,HEI
HENNESSY ADVISORS INC,HENNESSY ADVISORS,HNNA|HNNAZ,HNNA
"Hepion Pharmaceuticals, Inc.",HEPION PHARMACEUTICALS,CTRVP|HEPA,CTRVP
"Hercules Capital, Inc.",HERCULES CAPITAL,HCXY|HTGC,HCXY
Hewlett Packard Enterprise Co,HEWLETT PACKARD ENTERPRISE,HPE|HPE.PRC,HPE
Horizon Space Acquisition II Corp.,HORIZON SPACE ACQUISITION II,HSPT|HSPTR|HSPTU,HSPT
Horizon Technology Finance Corp,HORIZON TECHNOLOGY FINANCE,HRZN|HTFB|HTFC,HRZN
HOVNANIAN ENTERPRISES INC,HOVNANIAN ENTERPRISES,HOV|HOVNP|HOVVB,HOV
Howmet Aerospace Inc.,HOWMET AEROSPACE,HWM|HWM.PR,HWM
"Hudson Pacific Properties, Inc.",HUDSON PACIFIC PROPERTIES,HPP|HPP.PRC,HPP
HUNTINGTON BANCSHARES INC /MD/,HUNTINGTON BANCSHARES,HBAN|HBANL|HBANM|HBANP,HBAN
"Hyperscale Data, Inc.",HYPERSCALE DATA,GPUS|GPUS.PRD,GPUS
IB Acquisition Corp.,IB ACQUISITION,IBAC|IBACR,IBAC
Inception Growth Acquisition Ltd,INCEPTION GROWTH ACQUISITION,IGTA|IGTAR|IGTAU,IGTA
INNOVATIVE INDUSTRIAL PROPERTIES INC,INNOVATIVE INDUSTRIAL PROPERTIES,IIPR|IIPR.PRA,IIPR
Integral Acquisition Corp 1,INTEGRAL ACQUISITION CORP 1,INTE|INTEU,INTE
INTEGRATED RAIL & RESOURCES ACQUISITION CORP,INTEGRATED RAIL AND RESOURCES ACQUISITION,IRRX|IRRXU,IRRX
International Media Acquisition Corp.,INTERNATIONAL MEDIA ACQUISITION,IMAQ|IMAQR|IMAQU,IMAQ
INTERNATIONAL PAPER CO /NEW/,INTERNATIONAL PAPER,INPAP|IP,INPAP
Invesco Mortgage Capital Inc.,INVESCO MORTGAGE CAPITAL,IVR|IVR.PRC,IVR
"Investview, Inc.",INVESTVIEW,INVU|INVUP,INVU
Israel Acquisitions Corp,ISRAEL ACQUISITIONS,ISRL|ISRLU,ISRL
Jackson Acquisition Co II,JACKSON ACQUISITION CO II,JACS|JACS.U,JACS
Jackson Financial Inc.,JACKSON FINANCIAL,JXN|JXN.PRA,JXN
"JOHN WILEY & SONS, INC.",JOHN WILEY AND SONS,WLY|WLYB,WLY
JPMORGAN CHASE & CO,JPMORGAN CHASE AND,JPM|JPM.PRC|JPM.PRD|JPM.PRJ|JPM.PRK|JPM.PRL|JPM.PRM,JPM
KELLY SERVICES INC,KELLY SERVICES,KELYA|KELYB,KELYA
KEMPER Corp,KEMPER,KMPB|KMPR,KMPB
KEYCORP /NEW/,KEYCORP,KEY|KEY.PRI|KEY.PRJ|KEY.PRK|KEY.PRL,KEY
KIMCO REALTY CORP,KIMCO REALTY,KIM|KIM.PRL|KIM.PRM|KIM.PRN,KIM
KKR Real Estate Finance Trust Inc.,KKR REAL ESTATE FINANCE TRUST,KREF|KREF.PRA,KREF
Launch One Acquisition Corp.,LAUNCH ONE ACQUISITION,LPAA|LPAAU,LPAA
Legato Merger Corp. III,LEGATO MERGER CORP III,LEGT|LEGT.U,LEGT
LENNAR CORP /NEW/,LENNAR,LEN|LEN.B,LEN
Liberty Energy Inc.,LIBERTY ENERGY,LBRT|LBYE,LBRT
Liberty Global Ltd.,LIBERTY GLOBAL,LBTYA|LBTYB|LBTYK,LBTYA
Liberty Latin America Ltd.,LIBERTY LATIN AMERICA,LILA|LILAB|LILAK,LILA
"Life360, Inc.",LIFE360,LIF|LIFX,LIF
"LifeMD, Inc.",LIFEMD,LFMD|LFMDP,LFMD
LIGAND PHARMACEUTICALS INC,LIGAND PHARMACEUTICALS,LGND|LGNDZ|LGNXZ|LGNYZ|LGNZZ,LGND
"Light & Wonder, Inc.",LIGHT AND WONDER,LAWIL|LNW,LAWIL
LINCOLN NATIONAL CORP,LINCOLN NATIONAL,LNC|LNC.PRD,LNC
Lionheart Holdings,LIONHEART,CUB|CUBWU,CUB
"Live Oak Bancshares, Inc.",LIVE OAK BANCSHARES,LOB|LOB.PRA,LOB
"Lument Finance Trust, Inc.",LUMENT FINANCE TRUST,LFT|LFT.PRA,LFT
LXP Industrial Trust,LXP INDUSTRIAL TRUST,LXP|LXP.PRC,LXP
M&T BANK CORP,M AND T BANK,MTB|MTB.PRH|MTB.PRJ,MTB
M3-Brigade Acquisition V Corp.,M3 BRIGADE ACQUISITION V,MBAV|MBAVU,MBAV
"MainStreet Bancshares, Inc.",MAINSTREET BANCSHARES,MNSB|MNSBP,MNSB
Maquia Capital Acquisition Corp,MAQUIA CAPITAL ACQUISITION,MAQC|MAQCU,MAQC
Marblegate Acquisition Corp.,MARBLEGATE ACQUISITION,GATE|GATEU,GATE
MCCORMICK & CO INC,MCCORMICK AND,MKC|MKC.V,MKC
Merchants Bancorp,MERCHANTS BANCORP,MBIN|MBINL|MBINM|MBINN,MBIN
METLIFE INC,METLIFE,MET|MET.PRA|MET.PRE|MET.PRF,MET
"MFA FINANCIAL, INC.",MFA FINANCIAL,MFA|MFA.PRB|MFA.PRC|MFAN|MFAO,MFA
MICROCHIP TECHNOLOGY INC,MICROCHIP TECHNOLOGY,MCHP|MCHPP,MCHP
MID AMERICA APARTMENT COMMUNITIES INC.,MID AMERICA APARTMENT COMMUNITIES,MAA|MAA.PRI,MAA
MidCap Financial Investment Corp,MIDCAP FINANCIAL INVESTMENT,MFIC|MFICL,MFIC
"Midland States Bancorp, Inc.",MIDLAND STATES BANCORP,MSBI|MSBIP,MSBI
"MODIV INDUSTRIAL, INC.",MODIV INDUSTRIAL,MDV|MDV.PRA,MDV
MOLSON COORS BEVERAGE CO,MOLSON COORS BEVERAGE,TAP|TAP.A,TAP
MOOG INC.,MOOG,MOG.A|MOG.B,MOG.A
MORGAN STANLEY,MORGAN STANLEY,MS|MS.PRA|MS.PRE|MS.PRF|MS.PRI|MS.PRK|MS.PRL|MS.PRO|MS.PRP|MS.PRQ,MS
Mountain Crest Acquisition Corp. V,MOUNTAIN CREST ACQUISITION CORP V,MCAG|MCAGR|MCAGU,MCAG
Mountain Lake Acquisition Corp.,MOUNTAIN LAKE ACQUISITION,MLAC|MLACR|MLACU,MLAC
MOVADO GROUP INC,MOVADO,MOV|MOVAA,MOV
Nabors Energy Transition Corp. II,NABORS ENERGY TRANSITION CORP II,NETD|NETDU,NETD
National Storage Affiliates Trust,NATIONAL STORAGE AFFILIATES TRUST,NSA|NSA.PRA|NSA.PRB,NSA
NAVIENT CORP,NAVIENT,JSM|NAVI,JSM
NCR Voyix Corp,NCR VOYIX,NCRRP|VYX,NCRRP
NeuroMind AI Corp.,NEUROMIND AI,GGAAF|GGAUF,GGAAF
Newbury Street Acquisition Corp,NEWBURY STREET ACQUISITION,NBST|NBSTU,NBST
Newbury Street II Acquisition Corp,NEWBURY STREET II ACQUISITION,NTWO|NTWOU,NTWO
NEWMONT Corp /DE/,NEWMONT,NEM|NEMCL,NEM
NEWS CORP,NEWS,NWS|NWSA,NWS
"NexPoint Real Estate Finance, Inc.",NEXPOINT REAL ESTATE FINANCE,NREF|NREF.PRA,NREF
NEXTERA ENERGY INC,NEXTERA ENERGY,NEE|NEE.PRS|NEE.PRT,NEE
NSTAR ELECTRIC CO,NSTAR ELECTRIC,NSARO|NSARP,NSARO
Oak Woods Acquisition Corp,OAK WOODS ACQUISITION,OAKU|OAKUR|OAKUU,OAKU
OFS Capital Corp,OFS CAPITAL,OFS|OFSSH,OFS
OLD NATIONAL BANCORP /IN/,OLD NATIONAL BANCORP,ONB|ONBPO|ONBPP,ONB
Papaya Growth Opportunity Corp. I,PAPAYA GROWTH OPPORTUNITY CORP I,PPYA|PPYAU,PPYA
Pebblebrook Hotel Trust,PEBBLEBROOK HOTEL TRUST,PEB|PEB.PRE|PEB.PRF|PEB.PRG|PEB.PRH,PEB
PEOPLES BANCORP INC,PEOPLES BANCORP,PEBC|PEBO|PPBB,PEBC
PG&E Corp,PG AND E,PCG|PCG.PRX,PCG
PhenixFIN Corp,PHENIXFIN,PFX|PFXNZ,PFX
PINNACLE FINANCIAL PARTNERS INC,PINNACLE FINANCIAL PARTNERS,PNFP|PNFPP,PNFP
PITNEY BOWES INC /DE/,PITNEY BOWES,PBI|PBI.PRB,PBI
PLAINS ALL AMERICAN PIPELINE LP,PLAINS ALL AMERICAN PIPELINE,PAA|PAAPU,PAA
Polaris Inc.,POLARIS,JMOTF|PII,JMOTF
Power REIT,POWER REIT,PW|PW.PRA,PW
"Presidio Property Trust, Inc.",PRESIDIO PROPERTY TRUST,SQFT|SQFTP,SQFT
"Priority Technology Holdings, Inc.",PRIORITY TECHNOLOGY,PRTH|PRTHU,PRTH
"Prologis, Inc.",PROLOGIS,PLD|PLDGP,PLD
PROSPECT CAPITAL CORP,PROSPECT CAPITAL,PSEC|PSEC.PRA,PSEC
PRUDENTIAL FINANCIAL INC,PRUDENTIAL FINANCIAL,PFH|PRH|PRS|PRU,PFH
Public Storage,PUBLIC STORAGE,PSA|PSA.PRF|PSA.PRG|PSA.PRH|PSA.PRI|PSA.PRJ|PSA.PRK|PSA.PRL|PSA.PRM|PSA.PRN|PSA.PRO|PSA.PRP|PSA.PRQ|PSA.PRR|PSA.PRS,PSA
Quetta Acquisition Corp,QUETTA ACQUISITION,QETA|QETAR|QETAU,QETA
"Ramaco Resources, Inc.",RAMACO RESOURCES,METC|METCB,METC
RAYMOND JAMES FINANCIAL INC,RAYMOND JAMES FINANCIAL,RJF|RJF.PRB,RJF
READING INTERNATIONAL INC,READING INTERNATIONAL,RDI|RDIB,RDI
Ready Capital Corp,READY CAPITAL,RC|RC.PRC|RC.PRE|RCB|RCC|RCD,RC
REGENCY CENTERS CORP,REGENCY CENTERS,REG|REGCO|REGCP,REG
"REGIONAL HEALTH PROPERTIES, INC",REGIONAL HEALTH PROPERTIES,RHEP|RHEPB,RHEP
REGIONS FINANCIAL CORP,REGIONS FINANCIAL,RF|RF.PRC|RF.PRE|RF.PRF,RF
REINSURANCE GROUP OF AMERICA INC,REINSURANCE GROUP OF AMERICA,RGA|RZB|RZC,RGA
RENAISSANCERE HOLDINGS LTD,RENAISSANCERE,RNR|RNR.PRF|RNR.PRG,RNR
RESMED INC,RESMED,RMD|RSMDF,RMD
"Rexford Industrial Realty, Inc.",REXFORD INDUSTRIAL REALTY,REXR|REXR.PRB|REXR.PRC,REXR
RF Acquisition Corp II,RF ACQUISITION CORP II,RFAI|RFAIR|RFAIU,RFAI
Rigel Resource Acquisition Corp.,RIGEL RESOURCE ACQUISITION,RRAC.U|RRACF,RRACF
Rithm Capital Corp.,RITHM CAPITAL,RITM|RITM.PRA|RITM.PRB|RITM.PRC|RITM.PRD,RITM
Roman DBDR Acquisition Corp. II,ROMAN DBDR ACQUISITION CORP II,DRDB|DRDBU,DRDB
Runway Growth Finance Corp.,RUNWAY GROWTH FINANCE,RWAY|RWAYL|RWAYZ,RWAY
Sachem Capital Corp.,SACHEM CAPITAL,SACH|SACH.PRA|SCCD|SCCE|SCCF|SCCG,SACH
SARATOGA INVESTMENT CORP.,SARATOGA INVESTMENT,SAJ|SAR|SAT|SAY|SAZ,SAJ
"SAUL CENTERS, INC.",SAUL CENTERS,BFS|BFS.PRD|BFS.PRE,BFS
SELECTIVE INSURANCE GROUP INC,SELECTIVE INSURANCE,SIGI|SIGIP,SIGI
Seritage Growth Properties,SERITAGE GROWTH PROPERTIES,SRG|SRG.PRA,SRG
"Shift4 Payments, Inc.",SHIFT4 PAYMENTS,FOUR|FOUR.PRA,FOUR
SIMON PROPERTY GROUP INC /DE/,SIMON PROPERTY,SPG|SPG.PRJ,SPG
SL GREEN REALTY CORP,SL GREEN REALTY,SLG|SLG.PRI,SLG
SLM Corp,SLM,SLM|SLMBP,SLM
"SmartStop Self Storage REIT, Inc.",SMARTSTOP SELF STORAGE REIT,SMA|SSST|STSFF,SMA
"Soluna Holdings, Inc",SOLUNA,SLNH|SLNHP,SLNH
"Sound Point Meridian Capital, Inc.",SOUND POINT MERIDIAN CAPITAL,SPMA|SPMC|SPME,SPMA
SOUTHERN CALIFORNIA GAS CO,SOUTHERN CALIFORNIA GAS,SOCGM|SOCGP,SOCGM
"SPAR Group, Inc.",SPAR,SGPPF|SGPPY|SGRP,SGPPF
Spark I Acquisition Corp,SPARK I ACQUISITION,SPKL|SPKLU,SPKL
SPIRE INC,SPIRE,SR|SR.PRA,SR
Spring Valley Acquisition Corp. II,SPRING VALLEY ACQUISITION CORP II,SVII|SVIIR|SVIIU,SVII
SSR MINING INC.,SSR MINING,SSRGF|SSRM,SSRGF
"STAR GROUP, L.P.",STAR,SGU|STHO,SGU
"STAR EQUITY HOLDINGS, INC.",STAR EQUITY,STRR|STRRP,STRR
"STEM, INC.",STEM,STEM|STMH,STEM
STIFEL FINANCIAL CORP,STIFEL FINANCIAL,SF|SF.PRB|SF.PRC|SF.PRD|SFB,SF
"Summit Hotel Properties, Inc.",SUMMIT HOTEL PROPERTIES,INN|INN.PRE|INN.PRF,INN
"Sunstone Hotel Investors, Inc.",SUNSTONE HOTEL INVESTORS,SHO|SHO.PRH|SHO.PRI,SHO
SURO CAPITAL CORP.,SURO CAPITAL,SSSS|SSSSL,SSSS
SWK Holdings Corp,SWK,SWKH|SWKHL,SWKH
Synchrony Financial,SYNCHRONY FINANCIAL,SYF|SYF.PRA|SYF.PRB,SYF
SYNOVUS FINANCIAL CORP,SYNOVUS FINANCIAL,SNV|SNV.PRD|SNV.PRE,SNV
Tamboran Resources Corp,TAMBORAN RESOURCES,TBN|TBNRL,TBN
TARGET CORP,TARGET,CBDY|TGT,CBDY
Tavia Acquisition Corp.,TAVIA ACQUISITION,TAVI|TAVIR|TAVIU,TAVI
TELEPHONE & DATA SYSTEMS INC /DE/,TELEPHONE AND DATA SYSTEMS,TDS|TDS.PRV|TDSpU,TDS
TEVA PHARMACEUTICAL INDUSTRIES LTD,TEVA PHARMACEUTICAL INDUSTRIES,TEVA|TEVJF,TEVA
"Tingo Group, Inc.",TINGO,TIOG|TMNA,TIOG
TORO CO,TORO,TORO|TTC,TORO
"TPG RE Finance Trust, Inc.",TPG RE FINANCE TRUST,TRTX|TRTX.PRC,TRTX
Trinity Capital Inc.,TRINITY CAPITAL,TRIN|TRINI|TRINZ,TRIN
Triton International Ltd,TRITON INTERNATIONAL,TRTN.PRB|TRTN.PRC|TRTN.PRD|TRTN.PRE,TRTN.PRB
"Triumph Financial, Inc.",TRIUMPH FINANCIAL,TFIN|TFIN.PR,TFIN
TRUIST FINANCIAL CORP,TRUIST FINANCIAL,TFC|TFC.PRI|TFC.PRO|TFC.PRR,TFC
TWO HARBORS INVESTMENT CORP.,TWO HARBORS INVESTMENT,TWO|TWO.PRA|TWO.PRB|TWO.PRC|TWOD,TWO
U-Haul Holding Co /NV/,U HAUL,UHAL|UHAL.B,UHAL
UMB FINANCIAL CORP,UMB FINANCIAL,UMBF|UMBFO,UMBF
"Under Armour, Inc.",UNDER ARMOUR,UA|UAA,UA
UNION ELECTRIC CO,UNION ELECTRIC,UELMO|UEPCN|UEPCO|UEPCP|UEPEM|UEPEN|UEPEO|UEPEP,UELMO
Unum Group,UNUM,UNM|UNMA,UNM
"URBAN ONE, INC.",URBAN ONE,UONE|UONEK,UONE
VALLEY NATIONAL BANCORP,VALLEY NATIONAL BANCORP,VLY|VLYPN|VLYPO|VLYPP,VLY
Vine Hill Capital Investment Corp.,VINE HILL CAPITAL INVESTMENT,VCIC|VCICU,VCIC
VORNADO REALTY TRUST,VORNADO REALTY TRUST,VNO|VNO.PRL|VNO.PRM|VNO.PRN|VNO.PRO|VNORP,VNO
"Voya Financial, Inc.",VOYA FINANCIAL,VOYA|VOYA.PRB,VOYA
WAFD INC,WAFD,WAFD|WAFDP,WAFD
WATSCO INC,WATSCO,WSO|WSO.B,WSO
WEBSTER FINANCIAL CORP,WEBSTER FINANCIAL,WBS|WBS.PRF|WBS.PRG,WBS
Welsbach Technology Metals Acquisition Corp.,WELSBACH TECHNOLOGY METALS ACQUISITION,WTMA|WTMAR|WTMAU,WTMA
WESBANCO INC,WESBANCO,WSBC|WSBCP,WSBC
"Wheeler Real Estate Investment Trust, Inc.",WHEELER REAL ESTATE INVESTMENT TRUST,MTLPF|WHLR|WHLRD|WHLRL|WHLRP,MTLPF
"WhiteHorse Finance, Inc.",WHITEHORSE FINANCE,WHF|WHFCL,WHF
WILLAMETTE VALLEY VINEYARDS INC,WILLAMETTE VALLEY VINEYARDS,WVVI|WVVIP,WVVI
Willow Lane Acquisition Corp.,WILLOW LANE ACQUISITION,WLAC|WLACU,WLAC
WINTRUST FINANCIAL CORP,WINTRUST FINANCIAL,WTFC|WTFCN,WTFC
WinVest Acquisition Corp.,WINVEST ACQUISITION,WINV|WINVR|WINVU,WINV
XAI Octagon Floating Rate & Alternative Income Trust,XAI OCTAGON FLOATING RATE AND ALTERNATIVE INCOME TRUST,XFLT|XFLT.PRA,XFLT
XOMA Royalty Corp,XOMA ROYALTY,XOMA|XOMAO|XOMAP,XOMA
YHN Acquisition I Ltd,YHN ACQUISITION I,YHNA|YHNAR|YHNAU,YHNA
Yotta Acquisition Corp,YOTTA ACQUISITION,YOTA|YOTAR|YOTAU,YOTA
Zai Lab Ltd,ZAI LAB,ZAILF|ZLAB,ZAILF
"ZILLOW GROUP, INC.",ZILLOW,Z|ZG,Z
