company,company_norm
21Shares Core Ethereum ETF,21SHARES CORE ETHEREUM ETF
"2seventy bio, Inc.",2SEVENTY BIO
A.K.A. BRANDS HOLDING CORP.,A K A BRANDS
"Aadi Bioscience, Inc.",AADI BIOSCIENCE
"Abacus Life, Inc.",ABACUS LIFE
abrdn Gold ETF Trust,ABRDN GOLD ETF TRUST
"Accelerate Diagnostics, Inc",ACCELERATE DIAGNOSTICS
"Accolade, Inc.",ACCOLADE
"ACELYRIN, Inc.",ACELYRIN
Aceztech Corp,ACEZTECH
"Acreage Holdings, Inc.",ACREAGE
ACUITY BRANDS INC,ACUITY BRANDS
"ADAMS RESOURCES & ENERGY, INC.",ADAMS RESOURCES AND ENERGY
AEI INCOME & GROWTH FUND XXII LTD PARTNERSHIP,AEI INCOME AND GROWTH FUND XXII LTD PARTNERSHIP
"Aerovate Therapeutics, Inc.",AEROVATE THERAPEUTICS
AGCO CORP /DE,AGCO CORP DE
Agrify Corp,AGRIFY
AI Transportation Acquisition Corp,AI TRANSPORTATION ACQUISITION
"Aileron Therapeutics, Inc.",AILERON THERAPEUTICS
"Air Transport Services Group, Inc.",AIR TRANSPORT SERVICES
Aircastle LTD,AIRCASTLE
"Akoustis Technologies, Inc.",AKOUSTIS TECHNOLOGIES
"Akoya Biosciences, Inc.",AKOYA BIOSCIENCES
"Alexander & Baldwin, Inc.",ALEXANDER AND BALDWIN
ALEXANDERS INC,ALEXANDERS
"Alight, Inc. / Delaware",ALIGHT INC DELAWARE
Allakos Inc.,ALLAKOS
"Allovir, Inc.",ALLOVIR
Altair Engineering Inc.,ALTAIR ENGINEERING
ALTAIR INTERNATIONAL CORP.,ALTAIR INTERNATIONAL
ALTISOURCE PORTFOLIO SOLUTIONS S.A.,ALTISOURCE PORTFOLIO SOLUTIONS S A
"Altus Power, Inc.",ALTUS POWER
AMEDISYS INC,AMEDISYS
AMERICAS CARMART INC,AMERICAS CARMART
"AMMO, INC.",AMMO
ANSYS INC,ANSYS
APPLIED MATERIALS INC /DE,APPLIED MATERIALS INC DE
APx Acquisition Corp. I,APX ACQUISITION CORP I
Arcadium Lithium plc,ARCADIUM LITHIUM
"ARCH RESOURCES, INC.",ARCH RESOURCES
"Ardent Health Partners, Inc.",ARDENT HEALTH PARTNERS
"Argo Group International Holdings, Inc.",ARGO GROUP INTERNATIONAL
"Aris Water Solutions, Inc.",ARIS WATER SOLUTIONS
ARTS WAY MANUFACTURING CO INC,ARTS WAY MANUFACTURING
ASPAC II Acquisition Corp.,ASPAC II ACQUISITION
ASPAC III Acquisition Corp.,ASPAC III ACQUISITION
"Aspen Technology, Inc.",ASPEN TECHNOLOGY
Asset Entities Inc.,ASSET ENTITIES
ATAI Life Sciences N.V.,ATAI LIFE SCIENCES N V
"ATHERSYS, INC / NEW",ATHERSYS INC NEW
"ATI Physical Therapy, Inc.",ATI PHYSICAL THERAPY
"AvidXchange Holdings, Inc.",AVIDXCHANGE
Avinger Inc,AVINGER
"AYRO, Inc.",AYRO
AZEK Co Inc.,AZEK
BANK OF THE JAMES FINANCIAL GROUP INC,BANK OF THE JAMES FINANCIAL
Bannix Acquisition Corp.,BANNIX ACQUISITION
BARNES GROUP INC,BARNES
Battery Future Acquisition Corp.,BATTERY FUTURE ACQUISITION
Bausch & Lomb Corp,BAUSCH AND LOMB
BEACON ROOFING SUPPLY INC,BEACON ROOFING SUPPLY
"BeiGene, Ltd.",BEIGENE
BEL FUSE INC /NJ,BEL FUSE INC NJ
Bellevue Life Sciences Acquisition Corp.,BELLEVUE LIFE SCIENCES ACQUISITION
"Benson Hill, Inc.",BENSON HILL
BERKLEY W R CORP,BERKLEY W R
BERKSHIRE HILLS BANCORP INC,BERKSHIRE HILLS BANCORP
Berry Corp (bry),BERRY CORP BRY
"BERRY GLOBAL GROUP, INC.",BERRY GLOBAL
Better Choice Co Inc.,BETTER CHOICE
"BEYOND, INC.",BEYOND
BIG 5 SPORTING GOODS Corp,BIG 5 SPORTING GOODS
"BigCommerce Holdings, Inc.",BIGCOMMERCE
BIONOMICS LIMITED/FI,BIONOMICS LIMITED FI
"BioSig Technologies, Inc.",BIOSIG TECHNOLOGIES
Bitech Technologies Corp,BITECH TECHNOLOGIES
Bitwise Bitcoin ETF,BITWISE BITCOIN ETF
BJs RESTAURANTS INC,BJS RESTAURANTS
Black Spade Acquisition II Co,BLACK SPADE ACQUISITION II
"Blade Air Mobility, Inc.",BLADE AIR MOBILITY
"Blubuzzard, Inc.",BLUBUZZARD
Blue Ocean Acquisition Corp,BLUE OCEAN ACQUISITION
Blue Owl Capital Corp III,BLUE OWL CAPITAL CORP III
"bluebird bio, Inc.",BLUEBIRD BIO
Blueprint Medicines Corp,BLUEPRINT MEDICINES
"BM Technologies, Inc.",BM TECHNOLOGIES
"BOTS, Inc./PR",BOTS INC PR
Breeze Holdings Acquisition Corp.,BREEZE HOLDINGS ACQUISITION
Bridge Investment Group Holdings Inc.,BRIDGE INVESTMENT
Bright Green Corp,BRIGHT GREEN
BRIGHTCOVE INC,BRIGHTCOVE
BrightSphere Investment Group Inc.,BRIGHTSPHERE INVESTMENT
Broad Capital Acquisition Corp,BROAD CAPITAL ACQUISITION
BROADWAY FINANCIAL CORP DE,BROADWAY FINANCIAL CORP DE
BROOKLINE BANCORP INC,BROOKLINE BANCORP
Bukit Jalil Global Acquisition 1 Ltd.,BUKIT JALIL GLOBAL ACQUISITION 1
"BurgerFi International, Inc.",BURGERFI INTERNATIONAL
BurTech Acquisition Corp.,BURTECH ACQUISITION
"C. H. ROBINSON WORLDWIDE, INC.",C H ROBINSON WORLDWIDE
California BanCorp \ CA,CALIFORNIA BANCORP CA
"Calumet, Inc. /DE",CALUMET INC DE
CANADIAN PACIFIC KANSAS CITY LTD/CN,CANADIAN PACIFIC KANSAS CITY LTD CN
"Capstone Green Energy Holdings, Inc.",CAPSTONE GREEN ENERGY
"Cara Therapeutics, Inc.",CARA THERAPEUTICS
"CareMax, Inc.",CAREMAX
"CARGO Therapeutics, Inc.",CARGO THERAPEUTICS
Carmell Corp,CARMELL
CARTERS INC,CARTERS
Cartesian Growth Corp II,CARTESIAN GROWTH CORP II
"Catalent, Inc.",CATALENT
"Cepton, Inc.",CEPTON
CF Acquisition Corp. VII,CF ACQUISITION CORP VII
"Checkpoint Therapeutics, Inc.",CHECKPOINT THERAPEUTICS
Chenghe Acquisition I Co.,CHENGHE ACQUISITION I
Chenghe Acquisition II Co.,CHENGHE ACQUISITION II
"Childrens Place, Inc.",CHILDRENS PLACE
CHIMERIX INC,CHIMERIX
"China Green Agriculture, Inc.",CHINA GREEN AGRICULTURE
CHOICE HOTELS INTERNATIONAL INC /DE,CHOICE HOTELS INTERNATIONAL INC DE
ChromaDex Corp.,CHROMADEX
Churchill Capital Corp IX/Cayman,CHURCHILL CAPITAL CORP IX CAYMAN
CION Ares Diversified Credit Fund,CION ARES DIVERSIFIED CREDIT FUND
CITIZENS FINANCIAL GROUP INC/RI,CITIZENS FINANCIAL GROUP INC RI
ClimateRock,CLIMATEROCK
"CLOVER HEALTH INVESTMENTS, CORP. /DE",CLOVER HEALTH INVESTMENTS CORP DE
"CLS Holdings USA, Inc.",CLS HOLDINGS USA
CNB FINANCIAL CORP/PA,CNB FINANCIAL CORP PA
CNH Industrial N.V.,CNH INDUSTRIAL N V
COASTAL FINANCIAL CORP,COASTAL FINANCIAL
Cohen Circle Acquisition Corp. I,COHEN CIRCLE ACQUISITION CORP I
"Coherus BioSciences, Inc.",COHERUS BIOSCIENCES
CoinShares Valkyrie Bitcoin Fund,COINSHARES VALKYRIE BITCOIN FUND
Coliseum Acquisition Corp.,COLISEUM ACQUISITION
COMMUNITY BANCORP /VT,COMMUNITY BANCORP VT
"Conifer Holdings, Inc.",CONIFER
CONNECTICUT LIGHT & POWER CO,CONNECTICUT LIGHT AND POWER
Connexa Sports Technologies Inc.,CONNEXA SPORTS TECHNOLOGIES
CONNS INC,CONNS
CONSOL Energy Inc.,CONSOL ENERGY
"Consolidated Communications Holdings, Inc.",CONSOLIDATED COMMUNICATIONS
"Container Store Group, Inc.",CONTAINER STORE
"Core Scientific, Inc./tx",CORE SCIENTIFIC INC TX
CORNING INC /NY,CORNING INC NY
COSTCO WHOLESALE CORP /NEW,COSTCO WHOLESALE CORP NEW
"Couchbase, Inc.",COUCHBASE
Criteo S.A.,CRITEO S A
Cyber App Solutions Corp.,CYBER APP SOLUTIONS
DallasNews Corp,DALLASNEWS
Damon Inc.,DAMON
"Danimer Scientific, Inc.",DANIMER SCIENTIFIC
Dave Inc./DE,DAVE INC DE
DBV Technologies S.A.,DBV TECHNOLOGIES S A
Denali Capital Acquisition Corp.,DENALI CAPITAL ACQUISITION
"DermTech, Inc.",DERMTECH
"Desktop Metal, Inc.",DESKTOP METAL
DEVON ENERGY CORP/DE,DEVON ENERGY CORP DE
Discover Financial Services,DISCOVER FINANCIAL SERVICES
Distoken Acquisition Corp,DISTOKEN ACQUISITION
"Dogecoin Cash, Inc.",DOGECOIN CASH
DOMINOS PIZZA INC,DOMINOS PIZZA
"Duckhorn Portfolio, Inc.",DUCKHORN PORTFOLIO
"Dun & Bradstreet Holdings, Inc.",DUN AND BRADSTREET
"e.l.f. Beauty, Inc.",E L F BEAUTY
"E2open Parent Holdings, Inc.",E2OPEN PARENT
"Eastside Distilling, Inc.",EASTSIDE DISTILLING
"ECO SCIENCE SOLUTIONS, INC.",ECO SCIENCE SOLUTIONS
"Edgio, Inc.",EDGIO
Elastic N.V.,ELASTIC N V
Elevai Labs Inc.,ELEVAI LABS
"Elevation Oncology, Inc.",ELEVATION ONCOLOGY
"Eline Entertainment Group, Inc.",ELINE ENTERTAINMENT
Elite Health Systems Inc.,ELITE HEALTH SYSTEMS
Embrace Change Acquisition Corp.,EMBRACE CHANGE ACQUISITION
EMCORE CORP,EMCORE
Emo Capital Corp.,EMO CAPITAL
"Empire State Realty OP, L.P.",EMPIRE STATE REALTY OP
"Endeavor Group Holdings, Inc.",ENDEAVOR
ENDI Corp.,ENDI
"Endo, Inc.",ENDO
"ENERGY FOCUS, INC/DE",ENERGY FOCUS INC DE
"Enfusion, Inc.",ENFUSION
"EnLink Midstream, LLC",ENLINK MIDSTREAM
Enstar Group LTD,ENSTAR
"ENTERGY MISSISSIPPI, LLC",ENTERGY MISSISSIPPI
ENZO BIOCHEM INC,ENZO BIOCHEM
Equity Commonwealth,EQUITY COMMONWEALTH
ESSA Pharma Inc.,ESSA PHARMA
Eterna Therapeutics Inc.,ETERNA THERAPEUTICS
EVANS BANCORP INC,EVANS BANCORP
Everest Consolidator Acquisition Corp,EVEREST CONSOLIDATOR ACQUISITION
Evergreen Corp,EVERGREEN
Everi Holdings Inc.,EVERI
"EXPRESS, INC.",EXPRESS
EXPRO GROUP HOLDINGS N.V.,EXPRO GROUP HOLDINGS N V
"EYENOVIA, INC.",EYENOVIA
EzFill Holdings Inc,EZFILL
FARMER BROTHERS CO,FARMER BROTHERS
"FARMHOUSE, INC. /NV",FARMHOUSE INC NV
FARO TECHNOLOGIES INC,FARO TECHNOLOGIES
Finnovate Acquisition Corp.,FINNOVATE ACQUISITION
FIRST BANCSHARES INC /MS/,FIRST BANCSHARES
FIRST CITIZENS BANCSHARES INC /DE/,FIRST CITIZENS BANCSHARES
FIRST COMMUNITY CORP /SC/,FIRST COMMUNITY
"First Financial Northwest, Inc.",FIRST FINANCIAL NORTHWEST
FIRST OF LONG ISLAND CORP,FIRST OF LONG ISLAND
FLANIGANS ENTERPRISES INC,FLANIGANS ENTERPRISES
Focus Impact BH3 Acquisition Co,FOCUS IMPACT BH3 ACQUISITION
"FOOT LOCKER, INC.",FOOT LOCKER
Fortune Rise Acquisition Corp,FORTUNE RISE ACQUISITION
FORWARD AIR CORP,FORWARD AIR
"Forza X1, Inc.",FORZA X1
FOSTER L B CO,FOSTER L B
Franklin Templeton Digital Holdings Trust,FRANKLIN TEMPLETON DIGITAL HOLDINGS TRUST
"Fresh Vine Wine, Inc.",FRESH VINE WINE
"FREYR Battery, Inc. /DE/",FREYR BATTERY
FS Credit Income Fund,FS CREDIT INCOME FUND
FTAC Emerald Acquisition Corp.,FTAC EMERALD ACQUISITION
fuboTV Inc. /FL,FUBOTV INC FL
FULLER H B CO,FULLER H B
Fundamental Global Inc.,FUNDAMENTAL GLOBAL
Galaxy Enterprises Inc. /WY/,GALAXY ENTERPRISES
"GALAXY NEXT GENERATION, INC.",GALAXY NEXT GENERATION
"Gatos Silver, Inc.",GATOS SILVER
GEORGIA POWER CO,GEORGIA POWER
GLADSTONE INVESTMENT CORPORATION\DE,GLADSTONE INVESTMENT CORPORATION DE
GLOBAL ACQUISITIONS Corp,GLOBAL ACQUISITIONS
Global Blockchain Acquisition Corp.,GLOBAL BLOCKCHAIN ACQUISITION
Global Lights Acquisition Corp,GLOBAL LIGHTS ACQUISITION
Global Star Acquisition Inc.,GLOBAL STAR ACQUISITION
GMS Inc.,GMS
"GOLD ROCK HOLDINGS, INC.",GOLD ROCK
Golden Star Acquisition Corp,GOLDEN STAR ACQUISITION
Goldman Sachs Physical Gold ETF,GOLDMAN SACHS PHYSICAL GOLD ETF
GRAY TELEVISION INC,GRAY TELEVISION
Grayscale Bitcoin Trust ETF,GRAYSCALE BITCOIN TRUST ETF
Greenbrook TMS Inc.,GREENBROOK TMS
"Gryphon Digital Mining, Inc.",GRYPHON DIGITAL MINING
GSR III Acquisition Corp.,GSR III ACQUISITION
GUARANTY BANCSHARES INC /TX/,GUARANTY BANCSHARES
"H&E Equipment Services, Inc.",H AND E EQUIPMENT SERVICES
"Hanover Bancorp, Inc. /NY",HANOVER BANCORP INC NY
"Hanryu Holdings, Inc.",HANRYU
"HARTFORD FINANCIAL SERVICES GROUP, INC.",HARTFORD FINANCIAL SERVICES
HEARTLAND FINANCIAL USA INC,HEARTLAND FINANCIAL USA
"Heliogen, Inc.",HELIOGEN
Helix Acquisition Corp. II,HELIX ACQUISITION CORP II
Hennessy Capital Investment Corp. VI,HENNESSY CAPITAL INVESTMENT CORP VI
HESS CORP,HESS
"HilleVax, Inc.",HILLEVAX
HILLS BANCORPORATION,HILLS BANCORPORATION
"HomeStreet, Inc.",HOMESTREET
Hudson Acquisition I Corp.,HUDSON ACQUISITION I
"Hudson Global, Inc.",HUDSON GLOBAL
HUDSON TECHNOLOGIES INC /NY,HUDSON TECHNOLOGIES INC NY
HUNT J B TRANSPORT SERVICES INC,HUNT J B TRANSPORT SERVICES
Hyzon Motors Inc.,HYZON MOTORS
ICAD INC,ICAD
"ICC Holdings, Inc.",ICC
ICU MEDICAL INC/DE,ICU MEDICAL INC DE
"IDEANOMICS, INC.",IDEANOMICS
IDEXX LABORATORIES INC /DE,IDEXX LABORATORIES INC DE
"IGM Biosciences, Inc.",IGM BIOSCIENCES
"Ikena Oncology, Inc.",IKENA ONCOLOGY
"Inari Medical, Inc.",INARI MEDICAL
"Independence Contract Drilling, Inc.",INDEPENDENCE CONTRACT DRILLING
INDEPENDENT BANK CORP,INDEPENDENT BANK
INDEPENDENT BANK CORP /MI/,INDEPENDENT BANK
Infinera Corp,INFINERA
Inflection Point Acquisition Corp. II,INFLECTION POINT ACQUISITION CORP II
"Inozyme Pharma, Inc.",INOZYME PHARMA
"InPoint Commercial Real Estate Income, Inc.",INPOINT COMMERCIAL REAL ESTATE INCOME
Insight Acquisition Corp. /DE,INSIGHT ACQUISITION CORP DE
Insight Select Income Fund,INSIGHT SELECT INCOME FUND
"INTEGRATED VENTURES, INC.",INTEGRATED VENTURES
IntelGenx Technologies Corp.,INTELGENX TECHNOLOGIES
INTEVAC INC,INTEVAC
"Intra-Cellular Therapies, Inc.",INTRA CELLULAR THERAPIES
Invesco CurrencyShares Australian Dollar Trust,INVESCO CURRENCYSHARES AUSTRALIAN DOLLAR TRUST
Invesco Galaxy Bitcoin ETF,INVESCO GALAXY BITCOIN ETF
Investcorp AI Acquisition Corp.,INVESTCORP AI ACQUISITION
Invizyne Technologies Inc,INVIZYNE TECHNOLOGIES
Iris Acquisition Corp,IRIS ACQUISITION
Iron Horse Acquisitions Corp.,IRON HORSE ACQUISITIONS
iShares Silver Trust,ISHARES SILVER TRUST
ISSUER DIRECT CORP,ISSUER DIRECT
"iTeos Therapeutics, Inc.",ITEOS THERAPEUTICS
"J.Jill, Inc.",J JILL
Janover Inc.,JANOVER
John Bean Technologies CORP,JOHN BEAN TECHNOLOGIES
JUNIPER NETWORKS INC,JUNIPER NETWORKS
JVSPAC Acquisition Corp.,JVSPAC ACQUISITION
"KINETA, INC./DE",KINETA INC DE
"KIRKLAND'S, INC",KIRKLAND S
"KNOW LABS, INC.",KNOW LABS
"Kronos Bio, Inc.",KRONOS BIO
KVH INDUSTRIES INC DE,KVH INDUSTRIES INC DE
LANCASTER COLONY CORP,LANCASTER COLONY
Landsea Homes Corp,LANDSEA HOMES
"Leafly Holdings, Inc. /DE",LEAFLY HOLDINGS INC DE
Leet Technology Inc.,LEET TECHNOLOGY
LEHMAN ABS CORP GOLDMAN SACHS CAP 1 SEC BACKED SER 2004-6,LEHMAN ABS CORP GOLDMAN SACHS CAP 1 SEC BACKED SER 2004 6
"LIFECORE BIOMEDICAL, INC. \DE\",LIFECORE BIOMEDICAL INC DE
LIONS GATE ENTERTAINMENT CORP /CN/,LIONS GATE ENTERTAINMENT
LITTELFUSE INC /DE,LITTELFUSE INC DE
Local Bounti Corporation/DE,LOCAL BOUNTI CORPORATION DE
Lode-Star Mining Inc.,LODE STAR MINING
Logan Ridge Finance Corp.,LOGAN RIDGE FINANCE
LOGITECH INTERNATIONAL S.A.,LOGITECH INTERNATIONAL S A
"Longboard Pharmaceuticals, Inc.",LONGBOARD PHARMACEUTICALS
"Loop Media, Inc.",LOOP MEDIA
LOWES COMPANIES INC,LOWES COMPANIES
"Luminar Technologies, Inc./DE",LUMINAR TECHNOLOGIES INC DE
"LUMOS PHARMA, INC.",LUMOS PHARMA
LUXURBAN HOTELS INC.,LUXURBAN HOTELS
"Manitex International, Inc.",MANITEX INTERNATIONAL
MARIN SOFTWARE INC,MARIN SOFTWARE
"MARINUS PHARMACEUTICALS, INC.",MARINUS PHARMACEUTICALS
Markforged Holding Corp,MARKFORGED
Mars Acquisition Corp.,MARS ACQUISITION
"Matterport, Inc./DE",MATTERPORT INC DE
MAYS J W INC,MAYS J W
MCDONALDS CORP,MCDONALDS
McEwen Mining Inc.,MCEWEN MINING
"MedMen Enterprises, Inc.",MEDMEN ENTERPRISES
"MEI Pharma, Inc.",MEI PHARMA
Melar Acquisition Corp. I/Cayman,MELAR ACQUISITION CORP I CAYMAN
MERRILL LYNCH DEPOSITOR INC INDEXPLUS TRUST SERIES 2003-1,MERRILL LYNCH DEPOSITOR INC INDEXPLUS TRUST SERIES 2003 1
Merus N.V.,MERUS N V
MESA ROYALTY TRUST/TX,MESA ROYALTY TRUST TX
Metal Sky Star Acquisition Corp,METAL SKY STAR ACQUISITION
MGO Global Inc.,MGO GLOBAL
MICROPAC INDUSTRIES INC,MICROPAC INDUSTRIES
MICROSTRATEGY Inc,MICROSTRATEGY
"Mill City Ventures III, Ltd",MILL CITY VENTURES III
Minerva Gold Inc.,MINERVA GOLD
MKS INSTRUMENTS INC,MKS INSTRUMENTS
"Molecular Templates, Inc.",MOLECULAR TEMPLATES
"Mondee Holdings, Inc.",MONDEE
MONEYLION INC.,MONEYLION
Monogram Technologies Inc.,MONOGRAM TECHNOLOGIES
MOODYS CORP /DE/,MOODYS
MULLEN AUTOMOTIVE INC.,MULLEN AUTOMOTIVE
"MULTI SOLUTIONS II, INC",MULTI SOLUTIONS II
MultiPlan Corp,MULTIPLAN
NANOPHASE TECHNOLOGIES Corp,NANOPHASE TECHNOLOGIES
"NantHealth, Inc.",NANTHEALTH
"NATHANS FAMOUS, INC.",NATHANS FAMOUS
NATIONAL RURAL UTILITIES COOPERATIVE FINANCE CORP /DC/,NATIONAL RURAL UTILITIES COOPERATIVE FINANCE
NATURES SUNSHINE PRODUCTS INC,NATURES SUNSHINE PRODUCTS
"NAYA Biosciences, Inc.",NAYA BIOSCIENCES
"NeueHealth, Inc.",NEUEHEALTH
NEURALBASE AI LTD.,NEURALBASE AI
NEVRO CORP,NEVRO
NEW ENGLAND REALTY ASSOCIATES LIMITED PARTNERSHIP,NEW ENGLAND REALTY ASSOCIATES LIMITED PARTNERSHIP
NEW ERA HELIUM INC.,NEW ERA HELIUM
NEW YORK MORTGAGE TRUST INC,NEW YORK MORTGAGE TRUST
NewAmsterdam Pharma Co N.V.,NEWAMSTERDAM PHARMA CO N V
NFiniTi inc.,NFINITI
NORDSTROM INC,NORDSTROM
North Haven Private Income Fund LLC,NORTH HAVEN PRIVATE INCOME FUND
NorthView Acquisition Corp,NORTHVIEW ACQUISITION
NORTHWEST PIPE CO,NORTHWEST PIPE
Nowtransit Inc,NOWTRANSIT
"NV5 Global, Inc.",NV5 GLOBAL
NXP Semiconductors N.V.,NXP SEMICONDUCTORS N V
"Nxu, Inc.",NXU
Oaktree Acquisition Corp. III Life Sciences,OAKTREE ACQUISITION CORP III LIFE SCIENCES
OCA Acquisition Corp.,OCA ACQUISITION
OCULUS VISIONTECH INC.,OCULUS VISIONTECH
"Odyssey Health, Inc.",ODYSSEY HEALTH
Oil-Dri Corp of America,OIL DRI CORP OF AMERICA
OLD POINT FINANCIAL CORP,OLD POINT FINANCIAL
Olo Inc.,OLO
"Omega Therapeutics, Inc.",OMEGA THERAPEUTICS
Oncocyte Corp,ONCOCYTE
"Oncternal Therapeutics, Inc.",ONCTERNAL THERAPEUTICS
"OptiNose, Inc.",OPTINOSE
"ORGANOVO HOLDINGS, INC.",ORGANOVO
Orion Bliss Corp.,ORION BLISS
Orion Office REIT Inc.,ORION OFFICE REIT
Orion S.A.,ORION S A
Outbrain Inc.,OUTBRAIN
PACIFIC PREMIER BANCORP INC,PACIFIC PREMIER BANCORP
PACIFICORP /OR/,PACIFICORP
Pactiv Evergreen Inc.,PACTIV EVERGREEN
"PALTALK, INC.",PALTALK
PAPA JOHNS INTERNATIONAL INC,PAPA JOHNS INTERNATIONAL
"Pathfinder Bancorp, Inc.",PATHFINDER BANCORP
"PATTERSON COMPANIES, INC.",PATTERSON COMPANIES
"PAYCOR HCM, INC.",PAYCOR HCM
PENNS WOODS BANCORP INC,PENNS WOODS BANCORP
Perception Capital Corp. IV,PERCEPTION CAPITAL CORP IV
PHOENIX MOTOR INC.,PHOENIX MOTOR
Phoenix Plus Corp.,PHOENIX PLUS
PHX MINERALS INC.,PHX MINERALS
Piedmont Lithium Inc.,PIEDMONT LITHIUM
"Piedmont Office Realty Trust, Inc.",PIEDMONT OFFICE REALTY TRUST
"PIERIS PHARMACEUTICALS, INC.",PIERIS PHARMACEUTICALS
"Pinstripes Holdings, Inc.",PINSTRIPES
"Pioneer Bancorp, Inc./MD",PIONEER BANCORP INC MD
"PishPosh, Inc.",PISHPOSH
Playa Hotels & Resorts N.V.,PLAYA HOTELS AND RESORTS N V
"PlayAGS, Inc.",PLAYAGS
"PLBY Group, Inc.",PLBY
Plum Acquisition Corp. III,PLUM ACQUISITION CORP III
Portillo's Inc.,PORTILLO S
Portman Ridge Finance Corp,PORTMAN RIDGE FINANCE
"Poseida Therapeutics, Inc.",POSEIDA THERAPEUTICS
PowerUp Acquisition Corp.,POWERUP ACQUISITION
PREMIER FINANCIAL CORP,PREMIER FINANCIAL
Premium Nickel Resources Ltd.,PREMIUM NICKEL RESOURCES
PRICE T ROWE GROUP INC,PRICE T ROWE
PROFIRE ENERGY INC,PROFIRE ENERGY
PROGRESS SOFTWARE CORP /MA,PROGRESS SOFTWARE CORP MA
ProShares Trust II,PROSHARES TRUST II
"Protagenic Therapeutics, Inc.new",PROTAGENIC THERAPEUTICS INC NEW
PROTHENA CORP PUBLIC LTD CO,PROTHENA CORP PUBLIC
"Provident Bancorp, Inc. /MD/",PROVIDENT BANCORP
PUBLIC CO MANAGEMENT CORP,PUBLIC CO MANAGEMENT
PUBLIC SERVICE CO OF NEW MEXICO,PUBLIC SERVICE CO OF NEW MEXICO
"PURE BIOSCIENCE, INC.",PURE BIOSCIENCE
QUALCOMM INC/DE,QUALCOMM INC DE
R F INDUSTRIES LTD,R F INDUSTRIES
"RADIUS RECYCLING, INC.",RADIUS RECYCLING
Ranger Gold Corp.,RANGER GOLD
"RCM TECHNOLOGIES, INC.",RCM TECHNOLOGIES
Redfin Corp,REDFIN
"REGENEREX PHARMA, INC.",REGENEREX PHARMA
Regulus Therapeutics Inc.,REGULUS THERAPEUTICS
"Reliant Holdings, Inc.",RELIANT
RENOVARO INC.,RENOVARO
ReShape Lifesciences Inc.,RESHAPE LIFESCIENCES
"Resonate Blends, Inc.",RESONATE BLENDS
Restaurant Brands International Limited Partnership,RESTAURANT BRANDS INTERNATIONAL LIMITED PARTNERSHIP
RETAIL OPPORTUNITY INVESTMENTS CORP,RETAIL OPPORTUNITY INVESTMENTS
"Revance Therapeutics, Inc.",REVANCE THERAPEUTICS
"Revelyst, Inc.",REVELYST
RF Acquisition Corp.,RF ACQUISITION
Rithm Property Trust Inc.,RITHM PROPERTY TRUST
"Rocket Lab USA, Inc.",ROCKET LAB USA
"Rocky Mountain Chocolate Factory, Inc.",ROCKY MOUNTAIN CHOCOLATE FACTORY
Roth CH Acquisition V Co.,ROTH CH ACQUISITION V
"Royale Energy, Inc.",ROYALE ENERGY
RUSH ENTERPRISES INC TX,RUSH ENTERPRISES INC TX
"Sacks Parente Golf, Inc.",SACKS PARENTE GOLF
"Sage Therapeutics, Inc.",SAGE THERAPEUTICS
SANDY SPRING BANCORP INC,SANDY SPRING BANCORP
SANFILIPPO JOHN B & SON INC,SANFILIPPO JOHN B AND SON
SCHLUMBERGER LIMITED/NV,SCHLUMBERGER LIMITED NV
SCHWAB CHARLES CORP,SCHWAB CHARLES
scPharmaceuticals Inc.,SCPHARMACEUTICALS
SEACOAST BANKING CORP OF FLORIDA,SEACOAST BANKING CORP OF FLORIDA
SEALED AIR CORP/DE,SEALED AIR CORP DE
SecureWorks Corp,SECUREWORKS
SERVOTRONICS INC /DE/,SERVOTRONICS
Shepherd Ave Capital Acquisition Corp,SHEPHERD AVE CAPITAL ACQUISITION
ShoulderUP Technology Acquisition Corp.,SHOULDERUP TECHNOLOGY ACQUISITION
"SHYFT GROUP, INC.",SHYFT
SIM Acquisition Corp. I,SIM ACQUISITION CORP I
"Singular Genomics Systems, Inc.",SINGULAR GENOMICS SYSTEMS
Six Flags Entertainment Corporation/NEW,SIX FLAGS ENTERTAINMENT CORPORATION NEW
SJW GROUP,SJW
SK Growth Opportunities Corp,SK GROWTH OPPORTUNITIES
SKECHERS USA INC,SKECHERS USA
SMARTSHEET INC,SMARTSHEET
"SMC Entertainment, Inc.",SMC ENTERTAINMENT
SMITH A O CORP,SMITH A O
SolarWinds Corp,SOLARWINDS
SOUTHERN CALIFORNIA EDISON Co,SOUTHERN CALIFORNIA EDISON
"Southern States Bancshares, Inc.",SOUTHERN STATES BANCSHARES
Southport Acquisition Corp,SOUTHPORT ACQUISITION
SouthState Corp,SOUTHSTATE
SpartanNash Co,SPARTANNASH
"Spirit Airlines, Inc.",SPIRIT AIRLINES
"SPORTSMAN'S WAREHOUSE HOLDINGS, INC.",SPORTSMAN S WAREHOUSE
"SpringWorks Therapeutics, Inc.",SPRINGWORKS THERAPEUTICS
"SRM Entertainment, Inc.",SRM ENTERTAINMENT
"Sterling Bancorp, Inc.",STERLING BANCORP
Stimcell Energetics Inc.,STIMCELL ENERGETICS
"STRATS SM TRUST FOR WAL-MART STORES, INC. SECURITIES, SERIES 2005-4",STRATS SM TRUST FOR WAL MART STORES INC SECURITIES SERIES 2005 4
STREAMLINE HEALTH SOLUTIONS INC.,STREAMLINE HEALTH SOLUTIONS
"Stronghold Digital Mining, Inc.",STRONGHOLD DIGITAL MINING
STRUCTURED PRODUCTS CORP CRED ENHANCE CORTS TR FOR AON CAP A,STRUCTURED PRODUCTS CORP CRED ENHANCE CORTS TR FOR AON CAP A
"Summit Materials, Inc.",SUMMIT MATERIALS
SUNLINK HEALTH SYSTEMS INC,SUNLINK HEALTH SYSTEMS
"Surrozen, Inc./DE",SURROZEN INC DE
Swiftmerge Acquisition Corp.,SWIFTMERGE ACQUISITION
"SWISS HELVETIA FUND, INC.",SWISS HELVETIA FUND
"Synaptogenix, Inc.",SYNAPTOGENIX
TAUTACHROME INC.,TAUTACHROME
"TEMPUR SEALY INTERNATIONAL, INC.",TEMPUR SEALY INTERNATIONAL
Tennessee Valley Authority,TENNESSEE VALLEY AUTHORITY
"Terra Property Trust, Inc.",TERRA PROPERTY TRUST
Territorial Bancorp Inc.,TERRITORIAL BANCORP
Teucrium Commodity Trust,TEUCRIUM COMMODITY TRUST
TEXAS CAPITAL BANCSHARES INC/TX,TEXAS CAPITAL BANCSHARES INC TX
"TFF Pharmaceuticals, Inc.",TFF PHARMACEUTICALS
"TheRealReal, Inc.",THEREALREAL
"Thunder Bridge Capital Partners IV, Inc.",THUNDER BRIDGE CAPITAL PARTNERS IV
Tidal Commodities Trust I,TIDAL COMMODITIES TRUST I
"TILLY'S, INC.",TILLY S
"Tipmefast, Inc.",TIPMEFAST
TITAN PHARMACEUTICALS INC,TITAN PHARMACEUTICALS
TOKEN COMMUNITIES LTD.,TOKEN COMMUNITIES
"TORTOISE PIPELINE & ENERGY FUND, INC.",TORTOISE PIPELINE AND ENERGY FUND
Trailblazer Merger Corp I,TRAILBLAZER MERGER CORP I
"Trans American Aquaculture, Inc",TRANS AMERICAN AQUACULTURE
Travel & Leisure Co.,TRAVEL AND LEISURE
TREES Corp (Colorado),TREES CORP COLORADO
"Tri Pointe Homes, Inc.",TRI POINTE HOMES
TRIUMPH GROUP INC,TRIUMPH
TRUSTCO BANK CORP N Y,TRUSTCO BANK CORP N Y
TUPPERWARE BRANDS CORP,TUPPERWARE BRANDS
Turnstone Biologics Corp.,TURNSTONE BIOLOGICS
TuSimple Holdings Inc.,TUSIMPLE
U S GLOBAL INVESTORS INC,U S GLOBAL INVESTORS
U.S. GOLD CORP.,U S GOLD
U.S. GoldMining Inc.,U S GOLDMINING
"U.S. Lighting Group, Inc.",U S LIGHTING
U S PHYSICAL THERAPY INC /NV,U S PHYSICAL THERAPY INC NV
"Unique Logistics International, Inc.",UNIQUE LOGISTICS INTERNATIONAL
uniQure N.V.,UNIQURE N V
UNITED BANKSHARES INC/WV,UNITED BANKSHARES INC WV
"United States 12 Month Natural Gas Fund, LP",UNITED STATES 12 MONTH NATURAL GAS FUND
"United States Natural Gas Fund, LP",UNITED STATES NATURAL GAS FUND
UNITED STATES STEEL CORP,UNITED STATES STEEL
Uniti Group Inc.,UNITI
UNIVERSAL DISPLAY CORP \PA\,UNIVERSAL DISPLAY CORP PA
UNIVERSAL SECURITY INSTRUMENTS INC,UNIVERSAL SECURITY INSTRUMENTS
UNIVERSAL STAINLESS & ALLOY PRODUCTS INC,UNIVERSAL STAINLESS AND ALLOY PRODUCTS
US BANCORP \DE\,US BANCORP DE
V F CORP,V F
"Vacasa, Inc.",VACASA
VALERO ENERGY CORP/TX,VALERO ENERGY CORP TX
VanEck Bitcoin ETF,VANECK BITCOIN ETF
"Verb Technology Company, Inc.",VERB TECHNOLOGY
VERISIGN INC/CA,VERISIGN INC CA
Verona Pharma plc,VERONA PHARMA
Vertex Energy Inc.,VERTEX ENERGY
"Verve Therapeutics, Inc.",VERVE THERAPEUTICS
"Vestiage, Inc.",VESTIAGE
"Via Renewables, Inc.",VIA RENEWABLES
VIAD CORP,VIAD
"Vigil Neuroscience, Inc.",VIGIL NEUROSCIENCE
Village Bank & Trust Financial Corp.,VILLAGE BANK AND TRUST FINANCIAL
"Vintage Wine Estates, Inc.",VINTAGE WINE ESTATES
"Viracta Therapeutics, Inc.",VIRACTA THERAPEUTICS
"Viridian Therapeutics, Inc.\DE",VIRIDIAN THERAPEUTICS INC DE
Vizio Holding Corp.,VIZIO
VOXX International Corp,VOXX INTERNATIONAL
Voyager Acquisition Corp./Cayman Islands,VOYAGER ACQUISITION CORP CAYMAN ISLANDS
VS Trust,VS TRUST
W. P. Carey Inc.,W P CAREY
"W.W. GRAINGER, INC.",W W GRAINGER
Wag! Group Co.,WAG
"Walgreens Boots Alliance, Inc.",WALGREENS BOOTS ALLIANCE
WARPSPEED TAXI INC.,WARPSPEED TAXI
WELLS FARGO & COMPANY/MN,WELLS FARGO AND COMPANY MN
WESTERN ALLIANCE BANCORPORATION,WESTERN ALLIANCE BANCORPORATION
"Wilhelmina International, Inc.",WILHELMINA INTERNATIONAL
William Penn Bancorporation,WILLIAM PENN BANCORPORATION
"WISA TECHNOLOGIES, INC.",WISA TECHNOLOGIES
WisdomTree Bitcoin Fund,WISDOMTREE BITCOIN FUND
WK Kellogg Co,WK KELLOGG
World Gold Trust,WORLD GOLD TRUST
"World Scan Project, Inc.",WORLD SCAN PROJECT
"XBP Europe Holdings, Inc.",XBP EUROPE
"Y-mAbs Therapeutics, Inc.",Y MABS THERAPEUTICS
YERBAE BRANDS CORP.,YERBAE BRANDS
Yong Bai Chao New Retail Corp,YONG BAI CHAO NEW RETAIL
Yoshiharu Global Co.,YOSHIHARU GLOBAL
Yuenglings Ice Cream Corp,YUENGLINGS ICE CREAM
Zhanling International Ltd,ZHANLING INTERNATIONAL
