company,company_norm,looks_like_fund_or_etf
21Shares Core Ethereum ETF,21SHARES CORE ETHEREUM ETF,True
"2seventy bio, Inc.",2SEVENTY BIO,False
A.K.A. BRANDS HOLDING CORP.,A K A BRANDS,False
"Aadi Bioscience, Inc.",AADI BIOSCIENCE,False
"Abacus Life, Inc.",ABACUS LIFE,False
abrdn Gold ETF Trust,ABRDN GOLD ETF TRUST,True
"Accelerate Diagnostics, Inc",ACCELERATE DIAGNOSTICS,False
"Accolade, Inc.",ACCOLADE,False
"ACELYRIN, Inc.",ACELYRIN,False
Aceztech Corp,ACEZTECH,False
"Acreage Holdings, Inc.",ACREAGE,False
ACUITY BRANDS INC,ACUITY BRANDS,False
"ADAMS RESOURCES & ENERGY, INC.",ADAMS RESOURCES AND ENERGY,False
AEI INCOME & GROWTH FUND XXII LTD PARTNERSHIP,AEI INCOME AND GROWTH FUND XXII LTD PARTNERSHIP,True
"Aerovate Therapeutics, Inc.",AEROVATE THERAPEUTICS,False
AGCO CORP /DE,AGCO CORP DE,False
Agrify Corp,AGRIFY,False
AI Transportation Acquisition Corp,AI TRANSPORTATION ACQUISITION,False
"Aileron Therapeutics, Inc.",AILERON THERAPEUTICS,False
"Air Transport Services Group, Inc.",AIR TRANSPORT SERVICES,False
Aircastle LTD,AIRCASTLE,False
"Akoustis Technologies, Inc.",AKOUSTIS TECHNOLOGIES,False
"Akoya Biosciences, Inc.",AKOYA BIOSCIENCES,False
"Alexander & Baldwin, Inc.",ALEXANDER AND BALDWIN,False
ALEXANDERS INC,ALEXANDERS,False
"Alight, Inc. / Delaware",ALIGHT INC DELAWARE,False
Allakos Inc.,ALLAKOS,False
"Allovir, Inc.",ALLOVIR,False
Altair Engineering Inc.,ALTAIR ENGINEERING,False
ALTAIR INTERNATIONAL CORP.,ALTAIR INTERNATIONAL,False
ALTISOURCE PORTFOLIO SOLUTIONS S.A.,ALTISOURCE PORTFOLIO SOLUTIONS S A,True
"Altus Power, Inc.",ALTUS POWER,False
AMEDISYS INC,AMEDISYS,False
AMERICAS CARMART INC,AMERICAS CARMART,False
"AMMO, INC.",AMMO,False
ANSYS INC,ANSYS,False
APPLIED MATERIALS INC /DE,APPLIED MATERIALS INC DE,False
APx Acquisition Corp. I,APX ACQUISITION CORP I,False
Arcadium Lithium plc,ARCADIUM LITHIUM,False
"ARCH RESOURCES, INC.",ARCH RESOURCES,False
"Ardent Health Partners, Inc.",ARDENT HEALTH PARTNERS,False
"Argo Group International Holdings, Inc.",ARGO GROUP INTERNATIONAL,False
"Aris Water Solutions, Inc.",ARIS WATER SOLUTIONS,False
ARTS WAY MANUFACTURING CO INC,ARTS WAY MANUFACTURING,False
ASPAC II Acquisition Corp.,ASPAC II ACQUISITION,False
ASPAC III Acquisition Corp.,ASPAC III ACQUISITION,False
"Aspen Technology, Inc.",ASPEN TECHNOLOGY,False
Asset Entities Inc.,ASSET ENTITIES,False
ATAI Life Sciences N.V.,ATAI LIFE SCIENCES N V,False
"ATHERSYS, INC / NEW",ATHERSYS INC NEW,False
"ATI Physical Therapy, Inc.",ATI PHYSICAL THERAPY,False
"AvidXchange Holdings, Inc.",AVIDXCHANGE,False
Avinger Inc,AVINGER,False
"AYRO, Inc.",AYRO,False
AZEK Co Inc.,AZEK,False
BANK OF THE JAMES FINANCIAL GROUP INC,BANK OF THE JAMES FINANCIAL,False
Bannix Acquisition Corp.,BANNIX ACQUISITION,False
BARNES GROUP INC,BARNES,False
Battery Future Acquisition Corp.,BATTERY FUTURE ACQUISITION,False
Bausch & Lomb Corp,BAUSCH AND LOMB,False
BEACON ROOFING SUPPLY INC,BEACON ROOFING SUPPLY,False
"BeiGene, Ltd.",BEIGENE,False
BEL FUSE INC /NJ,BEL FUSE INC NJ,False
Bellevue Life Sciences Acquisition Corp.,BELLEVUE LIFE SCIENCES ACQUISITION,False
"Benson Hill, Inc.",BENSON HILL,False
BERKLEY W R CORP,BERKLEY W R,False
BERKSHIRE HILLS BANCORP INC,BERKSHIRE HILLS BANCORP,False
Berry Corp (bry),BERRY CORP BRY,False
"BERRY GLOBAL GROUP, INC.",BERRY GLOBAL,False
Better Choice Co Inc.,BETTER CHOICE,False
"BEYOND, INC.",BEYOND,False
BIG 5 SPORTING GOODS Corp,BIG 5 SPORTING GOODS,False
"BigCommerce Holdings, Inc.",BIGCOMMERCE,False
BIONOMICS LIMITED/FI,BIONOMICS LIMITED FI,False
"BioSig Technologies, Inc.",BIOSIG TECHNOLOGIES,False
Bitech Technologies Corp,BITECH TECHNOLOGIES,False
Bitwise Bitcoin ETF,BITWISE BITCOIN ETF,True
BJs RESTAURANTS INC,BJS RESTAURANTS,False
Black Spade Acquisition II Co,BLACK SPADE ACQUISITION II,False
"Blade Air Mobility, Inc.",BLADE AIR MOBILITY,False
"Blubuzzard, Inc.",BLUBUZZARD,False
Blue Ocean Acquisition Corp,BLUE OCEAN ACQUISITION,False
Blue Owl Capital Corp III,BLUE OWL CAPITAL CORP III,False
"bluebird bio, Inc.",BLUEBIRD BIO,False
Blueprint Medicines Corp,BLUEPRINT MEDICINES,False
"BM Technologies, Inc.",BM TECHNOLOGIES,False
"BOTS, Inc./PR",BOTS INC PR,False
Breeze Holdings Acquisition Corp.,BREEZE HOLDINGS ACQUISITION,False
Bridge Investment Group Holdings Inc.,BRIDGE INVESTMENT,False
Bright Green Corp,BRIGHT GREEN,False
BRIGHTCOVE INC,BRIGHTCOVE,False
BrightSphere Investment Group Inc.,BRIGHTSPHERE INVESTMENT,False
Broad Capital Acquisition Corp,BROAD CAPITAL ACQUISITION,False
BROADWAY FINANCIAL CORP DE,BROADWAY FINANCIAL CORP DE,False
BROOKLINE BANCORP INC,BROOKLINE BANCORP,False
Bukit Jalil Global Acquisition 1 Ltd.,BUKIT JALIL GLOBAL ACQUISITION 1,False
"BurgerFi International, Inc.",BURGERFI INTERNATIONAL,False
BurTech Acquisition Corp.,BURTECH ACQUISITION,False
"C. H. ROBINSON WORLDWIDE, INC.",C H ROBINSON WORLDWIDE,False
California BanCorp \ CA,CALIFORNIA BANCORP CA,False
"Calumet, Inc. /DE",CALUMET INC DE,False
CANADIAN PACIFIC KANSAS CITY LTD/CN,CANADIAN PACIFIC KANSAS CITY LTD CN,False
"Capstone Green Energy Holdings, Inc.",CAPSTONE GREEN ENERGY,False
"Cara Therapeutics, Inc.",CARA THERAPEUTICS,False
"CareMax, Inc.",CAREMAX,False
"CARGO Therapeutics, Inc.",CARGO THERAPEUTICS,False
Carmell Corp,CARMELL,False
CARTERS INC,CARTERS,False
Cartesian Growth Corp II,CARTESIAN GROWTH CORP II,False
"Catalent, Inc.",CATALENT,False
"Cepton, Inc.",CEPTON,False
CF Acquisition Corp. VII,CF ACQUISITION CORP VII,False
"Checkpoint Therapeutics, Inc.",CHECKPOINT THERAPEUTICS,False
Chenghe Acquisition I Co.,CHENGHE ACQUISITION I,False
Chenghe Acquisition II Co.,CHENGHE ACQUISITION II,False
"Childrens Place, Inc.",CHILDRENS PLACE,False
CHIMERIX INC,CHIMERIX,False
"China Green Agriculture, Inc.",CHINA GREEN AGRICULTURE,False
CHOICE HOTELS INTERNATIONAL INC /DE,CHOICE HOTELS INTERNATIONAL INC DE,False
ChromaDex Corp.,CHROMADEX,False
Churchill Capital Corp IX/Cayman,CHURCHILL CAPITAL CORP IX CAYMAN,False
CION Ares Diversified Credit Fund,CION ARES DIVERSIFIED CREDIT FUND,True
CITIZENS FINANCIAL GROUP INC/RI,CITIZENS FINANCIAL GROUP INC RI,False
ClimateRock,CLIMATEROCK,False
"CLOVER HEALTH INVESTMENTS, CORP. /DE",CLOVER HEALTH INVESTMENTS CORP DE,False
"CLS Holdings USA, Inc.",CLS HOLDINGS USA,False
CNB FINANCIAL CORP/PA,CNB FINANCIAL CORP PA,False
CNH Industrial N.V.,CNH INDUSTRIAL N V,False
COASTAL FINANCIAL CORP,COASTAL FINANCIAL,False
Cohen Circle Acquisition Corp. I,COHEN CIRCLE ACQUISITION CORP I,False
"Coherus BioSciences, Inc.",COHERUS BIOSCIENCES,False
CoinShares Valkyrie Bitcoin Fund,COINSHARES VALKYRIE BITCOIN FUND,True
Coliseum Acquisition Corp.,COLISEUM ACQUISITION,False
COMMUNITY BANCORP /VT,COMMUNITY BANCORP VT,False
"Conifer Holdings, Inc.",CONIFER,False
CONNECTICUT LIGHT & POWER CO,CONNECTICUT LIGHT AND POWER,False
Connexa Sports Technologies Inc.,CONNEXA SPORTS TECHNOLOGIES,False
CONNS INC,CONNS,False
CONSOL Energy Inc.,CONSOL ENERGY,False
"Consolidated Communications Holdings, Inc.",CONSOLIDATED COMMUNICATIONS,False
"Container Store Group, Inc.",CONTAINER STORE,False
"Core Scientific, Inc./tx",CORE SCIENTIFIC INC TX,False
CORNING INC /NY,CORNING INC NY,False
COSTCO WHOLESALE CORP /NEW,COSTCO WHOLESALE CORP NEW,False
"Couchbase, Inc.",COUCHBASE,False
Criteo S.A.,CRITEO S A,False
Cyber App Solutions Corp.,CYBER APP SOLUTIONS,False
DallasNews Corp,DALLASNEWS,False
Damon Inc.,DAMON,False
"Danimer Scientific, Inc.",DANIMER SCIENTIFIC,False
Dave Inc./DE,DAVE INC DE,False
DBV Technologies S.A.,DBV TECHNOLOGIES S A,False
Denali Capital Acquisition Corp.,DENALI CAPITAL ACQUISITION,False
"DermTech, Inc.",DERMTECH,False
"Desktop Metal, Inc.",DESKTOP METAL,False
DEVON ENERGY CORP/DE,DEVON ENERGY CORP DE,False
Discover Financial Services,DISCOVER FINANCIAL SERVICES,False
Distoken Acquisition Corp,DISTOKEN ACQUISITION,False
"Dogecoin Cash, Inc.",DOGECOIN CASH,False
DOMINOS PIZZA INC,DOMINOS PIZZA,False
"Duckhorn Portfolio, Inc.",DUCKHORN PORTFOLIO,True
"Dun & Bradstreet Holdings, Inc.",DUN AND BRADSTREET,False
"e.l.f. Beauty, Inc.",E L F BEAUTY,False
"E2open Parent Holdings, Inc.",E2OPEN PARENT,False
"Eastside Distilling, Inc.",EASTSIDE DISTILLING,False
"ECO SCIENCE SOLUTIONS, INC.",ECO SCIENCE SOLUTIONS,False
"Edgio, Inc.",EDGIO,False
Elastic N.V.,ELASTIC N V,False
Elevai Labs Inc.,ELEVAI LABS,False
"Elevation Oncology, Inc.",ELEVATION ONCOLOGY,False
"Eline Entertainment Group, Inc.",ELINE ENTERTAINMENT,False
Elite Health Systems Inc.,ELITE HEALTH SYSTEMS,False
Embrace Change Acquisition Corp.,EMBRACE CHANGE ACQUISITION,False
EMCORE CORP,EMCORE,False
Emo Capital Corp.,EMO CAPITAL,False
"Empire State Realty OP, L.P.",EMPIRE STATE REALTY OP,False
"Endeavor Group Holdings, Inc.",ENDEAVOR,False
ENDI Corp.,ENDI,False
"Endo, Inc.",ENDO,False
"ENERGY FOCUS, INC/DE",ENERGY FOCUS INC DE,False
"Enfusion, Inc.",ENFUSION,False
"EnLink Midstream, LLC",ENLINK MIDSTREAM,False
Enstar Group LTD,ENSTAR,False
"ENTERGY MISSISSIPPI, LLC",ENTERGY MISSISSIPPI,False
ENZO BIOCHEM INC,ENZO BIOCHEM,False
Equity Commonwealth,EQUITY COMMONWEALTH,False
ESSA Pharma Inc.,ESSA PHARMA,False
Eterna Therapeutics Inc.,ETERNA THERAPEUTICS,False
EVANS BANCORP INC,EVANS BANCORP,False
Everest Consolidator Acquisition Corp,EVEREST CONSOLIDATOR ACQUISITION,False
Evergreen Corp,EVERGREEN,False
Everi Holdings Inc.,EVERI,False
"EXPRESS, INC.",EXPRESS,False
EXPRO GROUP HOLDINGS N.V.,EXPRO GROUP HOLDINGS N V,False
"EYENOVIA, INC.",EYENOVIA,False
EzFill Holdings Inc,EZFILL,False
FARMER BROTHERS CO,FARMER BROTHERS,False
"FARMHOUSE, INC. /NV",FARMHOUSE INC NV,False
FARO TECHNOLOGIES INC,FARO TECHNOLOGIES,False
Finnovate Acquisition Corp.,FINNOVATE ACQUISITION,False
FIRST BANCSHARES INC /MS/,FIRST BANCSHARES,False
FIRST CITIZENS BANCSHARES INC /DE/,FIRST CITIZENS BANCSHARES,False
FIRST COMMUNITY CORP /SC/,FIRST COMMUNITY,False
"First Financial Northwest, Inc.",FIRST FINANCIAL NORTHWEST,False
FIRST OF LONG ISLAND CORP,FIRST OF LONG ISLAND,False
FLANIGANS ENTERPRISES INC,FLANIGANS ENTERPRISES,False
Focus Impact BH3 Acquisition Co,FOCUS IMPACT BH3 ACQUISITION,False
"FOOT LOCKER, INC.",FOOT LOCKER,False
Fortune Rise Acquisition Corp,FORTUNE RISE ACQUISITION,False
FORWARD AIR CORP,FORWARD AIR,False
"Forza X1, Inc.",FORZA X1,False
FOSTER L B CO,FOSTER L B,False
Franklin Templeton Digital Holdings Trust,FRANKLIN TEMPLETON DIGITAL HOLDINGS TRUST,True
"Fresh Vine Wine, Inc.",FRESH VINE WINE,False
"FREYR Battery, Inc. /DE/",FREYR BATTERY,False
FS Credit Income Fund,FS CREDIT INCOME FUND,True
FTAC Emerald Acquisition Corp.,FTAC EMERALD ACQUISITION,False
fuboTV Inc. /FL,FUBOTV INC FL,False
FULLER H B CO,FULLER H B,False
Fundamental Global Inc.,FUNDAMENTAL GLOBAL,False
Galaxy Enterprises Inc. /WY/,GALAXY ENTERPRISES,False
"GALAXY NEXT GENERATION, INC.",GALAXY NEXT GENERATION,False
"Gatos Silver, Inc.",GATOS SILVER,False
GEORGIA POWER CO,GEORGIA POWER,False
GLADSTONE INVESTMENT CORPORATION\DE,GLADSTONE INVESTMENT CORPORATION DE,False
GLOBAL ACQUISITIONS Corp,GLOBAL ACQUISITIONS,False
Global Blockchain Acquisition Corp.,GLOBAL BLOCKCHAIN ACQUISITION,False
Global Lights Acquisition Corp,GLOBAL LIGHTS ACQUISITION,False
Global Star Acquisition Inc.,GLOBAL STAR ACQUISITION,False
GMS Inc.,GMS,False
"GOLD ROCK HOLDINGS, INC.",GOLD ROCK,False
Golden Star Acquisition Corp,GOLDEN STAR ACQUISITION,False
Goldman Sachs Physical Gold ETF,GOLDMAN SACHS PHYSICAL GOLD ETF,True
GRAY TELEVISION INC,GRAY TELEVISION,False
Grayscale Bitcoin Trust ETF,GRAYSCALE BITCOIN TRUST ETF,True
Greenbrook TMS Inc.,GREENBROOK TMS,False
"Gryphon Digital Mining, Inc.",GRYPHON DIGITAL MINING,False
GSR III Acquisition Corp.,GSR III ACQUISITION,False
GUARANTY BANCSHARES INC /TX/,GUARANTY BANCSHARES,False
"H&E Equipment Services, Inc.",H AND E EQUIPMENT SERVICES,False
"Hanover Bancorp, Inc. /NY",HANOVER BANCORP INC NY,False
"Hanryu Holdings, Inc.",HANRYU,False
"HARTFORD FINANCIAL SERVICES GROUP, INC.",HARTFORD FINANCIAL SERVICES,False
HEARTLAND FINANCIAL USA INC,HEARTLAND FINANCIAL USA,False
"Heliogen, Inc.",HELIOGEN,False
Helix Acquisition Corp. II,HELIX ACQUISITION CORP II,False
Hennessy Capital Investment Corp. VI,HENNESSY CAPITAL INVESTMENT CORP VI,False
HESS CORP,HESS,False
"HilleVax, Inc.",HILLEVAX,False
HILLS BANCORPORATION,HILLS BANCORPORATION,False
"HomeStreet, Inc.",HOMESTREET,False
Hudson Acquisition I Corp.,HUDSON ACQUISITION I,False
"Hudson Global, Inc.",HUDSON GLOBAL,False
HUDSON TECHNOLOGIES INC /NY,HUDSON TECHNOLOGIES INC NY,False
HUNT J B TRANSPORT SERVICES INC,HUNT J B TRANSPORT SERVICES,False
Hyzon Motors Inc.,HYZON MOTORS,False
ICAD INC,ICAD,False
"ICC Holdings, Inc.",ICC,False
ICU MEDICAL INC/DE,ICU MEDICAL INC DE,False
"IDEANOMICS, INC.",IDEANOMICS,False
IDEXX LABORATORIES INC /DE,IDEXX LABORATORIES INC DE,False
"IGM Biosciences, Inc.",IGM BIOSCIENCES,False
"Ikena Oncology, Inc.",IKENA ONCOLOGY,False
"Inari Medical, Inc.",INARI MEDICAL,False
"Independence Contract Drilling, Inc.",INDEPENDENCE CONTRACT DRILLING,False
INDEPENDENT BANK CORP,INDEPENDENT BANK,False
INDEPENDENT BANK CORP /MI/,INDEPENDENT BANK,False
Infinera Corp,INFINERA,False
Inflection Point Acquisition Corp. II,INFLECTION POINT ACQUISITION CORP II,False
"Inozyme Pharma, Inc.",INOZYME PHARMA,False
"InPoint Commercial Real Estate Income, Inc.",INPOINT COMMERCIAL REAL ESTATE INCOME,False
Insight Acquisition Corp. /DE,INSIGHT ACQUISITION CORP DE,False
Insight Select Income Fund,INSIGHT SELECT INCOME FUND,True
"INTEGRATED VENTURES, INC.",INTEGRATED VENTURES,False
IntelGenx Technologies Corp.,INTELGENX TECHNOLOGIES,False
INTEVAC INC,INTEVAC,False
"Intra-Cellular Therapies, Inc.",INTRA CELLULAR THERAPIES,False
Invesco CurrencyShares Australian Dollar Trust,INVESCO CURRENCYSHARES AUSTRALIAN DOLLAR TRUST,True
Invesco Galaxy Bitcoin ETF,INVESCO GALAXY BITCOIN ETF,True
Investcorp AI Acquisition Corp.,INVESTCORP AI ACQUISITION,False
Invizyne Technologies Inc,INVIZYNE TECHNOLOGIES,False
Iris Acquisition Corp,IRIS ACQUISITION,False
Iron Horse Acquisitions Corp.,IRON HORSE ACQUISITIONS,False
iShares Silver Trust,ISHARES SILVER TRUST,True
ISSUER DIRECT CORP,ISSUER DIRECT,False
"iTeos Therapeutics, Inc.",ITEOS THERAPEUTICS,False
"J.Jill, Inc.",J JILL,False
Janover Inc.,JANOVER,False
John Bean Technologies CORP,JOHN BEAN TECHNOLOGIES,False
JUNIPER NETWORKS INC,JUNIPER NETWORKS,False
JVSPAC Acquisition Corp.,JVSPAC ACQUISITION,False
"KINETA, INC./DE",KINETA INC DE,False
"KIRKLAND'S, INC",KIRKLAND S,False
"KNOW LABS, INC.",KNOW LABS,False
"Kronos Bio, Inc.",KRONOS BIO,False
KVH INDUSTRIES INC DE,KVH INDUSTRIES INC DE,False
LANCASTER COLONY CORP,LANCASTER COLONY,False
Landsea Homes Corp,LANDSEA HOMES,False
"Leafly Holdings, Inc. /DE",LEAFLY HOLDINGS INC DE,False
Leet Technology Inc.,LEET TECHNOLOGY,False
LEHMAN ABS CORP GOLDMAN SACHS CAP 1 SEC BACKED SER 2004-6,LEHMAN ABS CORP GOLDMAN SACHS CAP 1 SEC BACKED SER 2004 6,False
"LIFECORE BIOMEDICAL, INC. \DE\",LIFECORE BIOMEDICAL INC DE,False
LIONS GATE ENTERTAINMENT CORP /CN/,LIONS GATE ENTERTAINMENT,False
LITTELFUSE INC /DE,LITTELFUSE INC DE,False
Local Bounti Corporation/DE,LOCAL BOUNTI CORPORATION DE,False
Lode-Star Mining Inc.,LODE STAR MINING,False
Logan Ridge Finance Corp.,LOGAN RIDGE FINANCE,False
LOGITECH INTERNATIONAL S.A.,LOGITECH INTERNATIONAL S A,False
"Longboard Pharmaceuticals, Inc.",LONGBOARD PHARMACEUTICALS,False
"Loop Media, Inc.",LOOP MEDIA,False
LOWES COMPANIES INC,LOWES COMPANIES,False
"Luminar Technologies, Inc./DE",LUMINAR TECHNOLOGIES INC DE,False
"LUMOS PHARMA, INC.",LUMOS PHARMA,False
LUXURBAN HOTELS INC.,LUXURBAN HOTELS,False
"Manitex International, Inc.",MANITEX INTERNATIONAL,False
MARIN SOFTWARE INC,MARIN SOFTWARE,False
"MARINUS PHARMACEUTICALS, INC.",MARINUS PHARMACEUTICALS,False
Markforged Holding Corp,MARKFORGED,False
Mars Acquisition Corp.,MARS ACQUISITION,False
"Matterport, Inc./DE",MATTERPORT INC DE,False
MAYS J W INC,MAYS J W,False
MCDONALDS CORP,MCDONALDS,False
McEwen Mining Inc.,MCEWEN MINING,False
"MedMen Enterprises, Inc.",MEDMEN ENTERPRISES,False
"MEI Pharma, Inc.",MEI PHARMA,False
Melar Acquisition Corp. I/Cayman,MELAR ACQUISITION CORP I CAYMAN,False
MERRILL LYNCH DEPOSITOR INC INDEXPLUS TRUST SERIES 2003-1,MERRILL LYNCH DEPOSITOR INC INDEXPLUS TRUST SERIES 2003 1,True
Merus N.V.,MERUS N V,False
MESA ROYALTY TRUST/TX,MESA ROYALTY TRUST TX,True
Metal Sky Star Acquisition Corp,METAL SKY STAR ACQUISITION,False
MGO Global Inc.,MGO GLOBAL,False
MICROPAC INDUSTRIES INC,MICROPAC INDUSTRIES,False
MICROSTRATEGY Inc,MICROSTRATEGY,False
"Mill City Ventures III, Ltd",MILL CITY VENTURES III,False
Minerva Gold Inc.,MINERVA GOLD,False
MKS INSTRUMENTS INC,MKS INSTRUMENTS,False
"Molecular Templates, Inc.",MOLECULAR TEMPLATES,False
"Mondee Holdings, Inc.",MONDEE,False
MONEYLION INC.,MONEYLION,False
Monogram Technologies Inc.,MONOGRAM TECHNOLOGIES,False
MOODYS CORP /DE/,MOODYS,False
MULLEN AUTOMOTIVE INC.,MULLEN AUTOMOTIVE,False
"MULTI SOLUTIONS II, INC",MULTI SOLUTIONS II,False
MultiPlan Corp,MULTIPLAN,False
NANOPHASE TECHNOLOGIES Corp,NANOPHASE TECHNOLOGIES,False
"NantHealth, Inc.",NANTHEALTH,False
"NATHANS FAMOUS, INC.",NATHANS FAMOUS,False
NATIONAL RURAL UTILITIES COOPERATIVE FINANCE CORP /DC/,NATIONAL RURAL UTILITIES COOPERATIVE FINANCE,False
NATURES SUNSHINE PRODUCTS INC,NATURES SUNSHINE PRODUCTS,False
"NAYA Biosciences, Inc.",NAYA BIOSCIENCES,False
"NeueHealth, Inc.",NEUEHEALTH,False
NEURALBASE AI LTD.,NEURALBASE AI,False
NEVRO CORP,NEVRO,False
NEW ENGLAND REALTY ASSOCIATES LIMITED PARTNERSHIP,NEW ENGLAND REALTY ASSOCIATES LIMITED PARTNERSHIP,False
NEW ERA HELIUM INC.,NEW ERA HELIUM,False
NEW YORK MORTGAGE TRUST INC,NEW YORK MORTGAGE TRUST,True
NewAmsterdam Pharma Co N.V.,NEWAMSTERDAM PHARMA CO N V,False
NFiniTi inc.,NFINITI,False
NORDSTROM INC,NORDSTROM,False
North Haven Private Income Fund LLC,NORTH HAVEN PRIVATE INCOME FUND,True
NorthView Acquisition Corp,NORTHVIEW ACQUISITION,False
NORTHWEST PIPE CO,NORTHWEST PIPE,False
Nowtransit Inc,NOWTRANSIT,False
"NV5 Global, Inc.",NV5 GLOBAL,False
NXP Semiconductors N.V.,NXP SEMICONDUCTORS N V,False
"Nxu, Inc.",NXU,False
Oaktree Acquisition Corp. III Life Sciences,OAKTREE ACQUISITION CORP III LIFE SCIENCES,False
OCA Acquisition Corp.,OCA ACQUISITION,False
OCULUS VISIONTECH INC.,OCULUS VISIONTECH,False
"Odyssey Health, Inc.",ODYSSEY HEALTH,False
Oil-Dri Corp of America,OIL DRI CORP OF AMERICA,False
OLD POINT FINANCIAL CORP,OLD POINT FINANCIAL,False
Olo Inc.,OLO,False
"Omega Therapeutics, Inc.",OMEGA THERAPEUTICS,False
Oncocyte Corp,ONCOCYTE,False
"Oncternal Therapeutics, Inc.",ONCTERNAL THERAPEUTICS,False
"OptiNose, Inc.",OPTINOSE,False
"ORGANOVO HOLDINGS, INC.",ORGANOVO,False
Orion Bliss Corp.,ORION BLISS,False
Orion Office REIT Inc.,ORION OFFICE REIT,False
Orion S.A.,ORION S A,False
Outbrain Inc.,OUTBRAIN,False
PACIFIC PREMIER BANCORP INC,PACIFIC PREMIER BANCORP,False
PACIFICORP /OR/,PACIFICORP,False
Pactiv Evergreen Inc.,PACTIV EVERGREEN,False
"PALTALK, INC.",PALTALK,False
PAPA JOHNS INTERNATIONAL INC,PAPA JOHNS INTERNATIONAL,False
"Pathfinder Bancorp, Inc.",PATHFINDER BANCORP,False
"PATTERSON COMPANIES, INC.",PATTERSON COMPANIES,False
"PAYCOR HCM, INC.",PAYCOR HCM,False
PENNS WOODS BANCORP INC,PENNS WOODS BANCORP,False
Perception Capital Corp. IV,PERCEPTION CAPITAL CORP IV,False
PHOENIX MOTOR INC.,PHOENIX MOTOR,False
Phoenix Plus Corp.,PHOENIX PLUS,False
PHX MINERALS INC.,PHX MINERALS,False
Piedmont Lithium Inc.,PIEDMONT LITHIUM,False
"Piedmont Office Realty Trust, Inc.",PIEDMONT OFFICE REALTY TRUST,True
"PIERIS PHARMACEUTICALS, INC.",PIERIS PHARMACEUTICALS,False
"Pinstripes Holdings, Inc.",PINSTRIPES,False
"Pioneer Bancorp, Inc./MD",PIONEER BANCORP INC MD,False
"PishPosh, Inc.",PISHPOSH,False
Playa Hotels & Resorts N.V.,PLAYA HOTELS AND RESORTS N V,False
"PlayAGS, Inc.",PLAYAGS,False
"PLBY Group, Inc.",PLBY,False
Plum Acquisition Corp. III,PLUM ACQUISITION CORP III,False
Portillo's Inc.,PORTILLO S,False
Portman Ridge Finance Corp,PORTMAN RIDGE FINANCE,False
"Poseida Therapeutics, Inc.",POSEIDA THERAPEUTICS,False
PowerUp Acquisition Corp.,POWERUP ACQUISITION,False
PREMIER FINANCIAL CORP,PREMIER FINANCIAL,False
Premium Nickel Resources Ltd.,PREMIUM NICKEL RESOURCES,False
PRICE T ROWE GROUP INC,PRICE T ROWE,False
PROFIRE ENERGY INC,PROFIRE ENERGY,False
PROGRESS SOFTWARE CORP /MA,PROGRESS SOFTWARE CORP MA,False
ProShares Trust II,PROSHARES TRUST II,True
"Protagenic Therapeutics, Inc.new",PROTAGENIC THERAPEUTICS INC NEW,False
PROTHENA CORP PUBLIC LTD CO,PROTHENA CORP PUBLIC,False
"Provident Bancorp, Inc. /MD/",PROVIDENT BANCORP,False
PUBLIC CO MANAGEMENT CORP,PUBLIC CO MANAGEMENT,False
PUBLIC SERVICE CO OF NEW MEXICO,PUBLIC SERVICE CO OF NEW MEXICO,False
"PURE BIOSCIENCE, INC.",PURE BIOSCIENCE,False
QUALCOMM INC/DE,QUALCOMM INC DE,False
R F INDUSTRIES LTD,R F INDUSTRIES,False
"RADIUS RECYCLING, INC.",RADIUS RECYCLING,False
Ranger Gold Corp.,RANGER GOLD,False
"RCM TECHNOLOGIES, INC.",RCM TECHNOLOGIES,False
Redfin Corp,REDFIN,False
"REGENEREX PHARMA, INC.",REGENEREX PHARMA,False
Regulus Therapeutics Inc.,REGULUS THERAPEUTICS,False
"Reliant Holdings, Inc.",RELIANT,False
RENOVARO INC.,RENOVARO,False
ReShape Lifesciences Inc.,RESHAPE LIFESCIENCES,False
"Resonate Blends, Inc.",RESONATE BLENDS,False
Restaurant Brands International Limited Partnership,RESTAURANT BRANDS INTERNATIONAL LIMITED PARTNERSHIP,False
RETAIL OPPORTUNITY INVESTMENTS CORP,RETAIL OPPORTUNITY INVESTMENTS,False
"Revance Therapeutics, Inc.",REVANCE THERAPEUTICS,False
"Revelyst, Inc.",REVELYST,False
RF Acquisition Corp.,RF ACQUISITION,False
Rithm Property Trust Inc.,RITHM PROPERTY TRUST,True
"Rocket Lab USA, Inc.",ROCKET LAB USA,False
"Rocky Mountain Chocolate Factory, Inc.",ROCKY MOUNTAIN CHOCOLATE FACTORY,False
Roth CH Acquisition V Co.,ROTH CH ACQUISITION V,False
"Royale Energy, Inc.",ROYALE ENERGY,False
RUSH ENTERPRISES INC TX,RUSH ENTERPRISES INC TX,False
"Sacks Parente Golf, Inc.",SACKS PARENTE GOLF,False
"Sage Therapeutics, Inc.",SAGE THERAPEUTICS,False
SANDY SPRING BANCORP INC,SANDY SPRING BANCORP,False
SANFILIPPO JOHN B & SON INC,SANFILIPPO JOHN B AND SON,False
SCHLUMBERGER LIMITED/NV,SCHLUMBERGER LIMITED NV,False
SCHWAB CHARLES CORP,SCHWAB CHARLES,False
scPharmaceuticals Inc.,SCPHARMACEUTICALS,False
SEACOAST BANKING CORP OF FLORIDA,SEACOAST BANKING CORP OF FLORIDA,False
SEALED AIR CORP/DE,SEALED AIR CORP DE,False
SecureWorks Corp,SECUREWORKS,False
SERVOTRONICS INC /DE/,SERVOTRONICS,False
Shepherd Ave Capital Acquisition Corp,SHEPHERD AVE CAPITAL ACQUISITION,False
ShoulderUP Technology Acquisition Corp.,SHOULDERUP TECHNOLOGY ACQUISITION,False
"SHYFT GROUP, INC.",SHYFT,False
SIM Acquisition Corp. I,SIM ACQUISITION CORP I,False
"Singular Genomics Systems, Inc.",SINGULAR GENOMICS SYSTEMS,False
Six Flags Entertainment Corporation/NEW,SIX FLAGS ENTERTAINMENT CORPORATION NEW,False
SJW GROUP,SJW,False
SK Growth Opportunities Corp,SK GROWTH OPPORTUNITIES,False
SKECHERS USA INC,SKECHERS USA,False
SMARTSHEET INC,SMARTSHEET,False
"SMC Entertainment, Inc.",SMC ENTERTAINMENT,False
SMITH A O CORP,SMITH A O,False
SolarWinds Corp,SOLARWINDS,False
SOUTHERN CALIFORNIA EDISON Co,SOUTHERN CALIFORNIA EDISON,False
"Southern States Bancshares, Inc.",SOUTHERN STATES BANCSHARES,False
Southport Acquisition Corp,SOUTHPORT ACQUISITION,False
SouthState Corp,SOUTHSTATE,False
SpartanNash Co,SPARTANNASH,False
"Spirit Airlines, Inc.",SPIRIT AIRLINES,False
"SPORTSMAN'S WAREHOUSE HOLDINGS, INC.",SPORTSMAN S WAREHOUSE,False
"SpringWorks Therapeutics, Inc.",SPRINGWORKS THERAPEUTICS,False
"SRM Entertainment, Inc.",SRM ENTERTAINMENT,False
"Sterling Bancorp, Inc.",STERLING BANCORP,False
Stimcell Energetics Inc.,STIMCELL ENERGETICS,False
"STRATS SM TRUST FOR WAL-MART STORES, INC. SECURITIES, SERIES 2005-4",STRATS SM TRUST FOR WAL MART STORES INC SECURITIES SERIES 2005 4,True
STREAMLINE HEALTH SOLUTIONS INC.,STREAMLINE HEALTH SOLUTIONS,False
"Stronghold Digital Mining, Inc.",STRONGHOLD DIGITAL MINING,False
STRUCTURED PRODUCTS CORP CRED ENHANCE CORTS TR FOR AON CAP A,STRUCTURED PRODUCTS CORP CRED ENHANCE CORTS TR FOR AON CAP A,False
"Summit Materials, Inc.",SUMMIT MATERIALS,False
SUNLINK HEALTH SYSTEMS INC,SUNLINK HEALTH SYSTEMS,False
"Surrozen, Inc./DE",SURROZEN INC DE,False
Swiftmerge Acquisition Corp.,SWIFTMERGE ACQUISITION,False
"SWISS HELVETIA FUND, INC.",SWISS HELVETIA FUND,True
"Synaptogenix, Inc.",SYNAPTOGENIX,False
TAUTACHROME INC.,TAUTACHROME,False
"TEMPUR SEALY INTERNATIONAL, INC.",TEMPUR SEALY INTERNATIONAL,False
Tennessee Valley Authority,TENNESSEE VALLEY AUTHORITY,False
"Terra Property Trust, Inc.",TERRA PROPERTY TRUST,True
Territorial Bancorp Inc.,TERRITORIAL BANCORP,False
Teucrium Commodity Trust,TEUCRIUM COMMODITY TRUST,True
TEXAS CAPITAL BANCSHARES INC/TX,TEXAS CAPITAL BANCSHARES INC TX,False
"TFF Pharmaceuticals, Inc.",TFF PHARMACEUTICALS,False
"TheRealReal, Inc.",THEREALREAL,False
"Thunder Bridge Capital Partners IV, Inc.",THUNDER BRIDGE CAPITAL PARTNERS IV,False
Tidal Commodities Trust I,TIDAL COMMODITIES TRUST I,True
"TILLY'S, INC.",TILLY S,False
"Tipmefast, Inc.",TIPMEFAST,False
TITAN PHARMACEUTICALS INC,TITAN PHARMACEUTICALS,False
TOKEN COMMUNITIES LTD.,TOKEN COMMUNITIES,False
"TORTOISE PIPELINE & ENERGY FUND, INC.",TORTOISE PIPELINE AND ENERGY FUND,True
Trailblazer Merger Corp I,TRAILBLAZER MERGER CORP I,False
"Trans American Aquaculture, Inc",TRANS AMERICAN AQUACULTURE,False
Travel & Leisure Co.,TRAVEL AND LEISURE,False
TREES Corp (Colorado),TREES CORP COLORADO,False
"Tri Pointe Homes, Inc.",TRI POINTE HOMES,False
TRIUMPH GROUP INC,TRIUMPH,False
TRUSTCO BANK CORP N Y,TRUSTCO BANK CORP N Y,False
TUPPERWARE BRANDS CORP,TUPPERWARE BRANDS,False
Turnstone Biologics Corp.,TURNSTONE BIOLOGICS,False
TuSimple Holdings Inc.,TUSIMPLE,False
U S GLOBAL INVESTORS INC,U S GLOBAL INVESTORS,False
U.S. GOLD CORP.,U S GOLD,False
U.S. GoldMining Inc.,U S GOLDMINING,False
"U.S. Lighting Group, Inc.",U S LIGHTING,False
U S PHYSICAL THERAPY INC /NV,U S PHYSICAL THERAPY INC NV,False
"Unique Logistics International, Inc.",UNIQUE LOGISTICS INTERNATIONAL,False
uniQure N.V.,UNIQURE N V,False
UNITED BANKSHARES INC/WV,UNITED BANKSHARES INC WV,False
"United States 12 Month Natural Gas Fund, LP",UNITED STATES 12 MONTH NATURAL GAS FUND,True
"United States Natural Gas Fund, LP",UNITED STATES NATURAL GAS FUND,True
UNITED STATES STEEL CORP,UNITED STATES STEEL,False
Uniti Group Inc.,UNITI,False
UNIVERSAL DISPLAY CORP \PA\,UNIVERSAL DISPLAY CORP PA,False
UNIVERSAL SECURITY INSTRUMENTS INC,UNIVERSAL SECURITY INSTRUMENTS,False
UNIVERSAL STAINLESS & ALLOY PRODUCTS INC,UNIVERSAL STAINLESS AND ALLOY PRODUCTS,False
US BANCORP \DE\,US BANCORP DE,False
V F CORP,V F,False
"Vacasa, Inc.",VACASA,False
VALERO ENERGY CORP/TX,VALERO ENERGY CORP TX,False
VanEck Bitcoin ETF,VANECK BITCOIN ETF,True
"Verb Technology Company, Inc.",VERB TECHNOLOGY,False
VERISIGN INC/CA,VERISIGN INC CA,False
Verona Pharma plc,VERONA PHARMA,False
Vertex Energy Inc.,VERTEX ENERGY,False
"Verve Therapeutics, Inc.",VERVE THERAPEUTICS,False
"Vestiage, Inc.",VESTIAGE,False
"Via Renewables, Inc.",VIA RENEWABLES,False
VIAD CORP,VIAD,False
"Vigil Neuroscience, Inc.",VIGIL NEUROSCIENCE,False
Village Bank & Trust Financial Corp.,VILLAGE BANK AND TRUST FINANCIAL,True
"Vintage Wine Estates, Inc.",VINTAGE WINE ESTATES,False
"Viracta Therapeutics, Inc.",VIRACTA THERAPEUTICS,False
"Viridian Therapeutics, Inc.\DE",VIRIDIAN THERAPEUTICS INC DE,False
Vizio Holding Corp.,VIZIO,False
VOXX International Corp,VOXX INTERNATIONAL,False
Voyager Acquisition Corp./Cayman Islands,VOYAGER ACQUISITION CORP CAYMAN ISLANDS,False
VS Trust,VS TRUST,True
W. P. Carey Inc.,W P CAREY,False
"W.W. GRAINGER, INC.",W W GRAINGER,False
Wag! Group Co.,WAG,False
"Walgreens Boots Alliance, Inc.",WALGREENS BOOTS ALLIANCE,False
WARPSPEED TAXI INC.,WARPSPEED TAXI,False
WELLS FARGO & COMPANY/MN,WELLS FARGO AND COMPANY MN,False
WESTERN ALLIANCE BANCORPORATION,WESTERN ALLIANCE BANCORPORATION,False
"Wilhelmina International, Inc.",WILHELMINA INTERNATIONAL,False
William Penn Bancorporation,WILLIAM PENN BANCORPORATION,False
"WISA TECHNOLOGIES, INC.",WISA TECHNOLOGIES,False
WisdomTree Bitcoin Fund,WISDOMTREE BITCOIN FUND,True
WK Kellogg Co,WK KELLOGG,False
World Gold Trust,WORLD GOLD TRUST,True
"World Scan Project, Inc.",WORLD SCAN PROJECT,False
"XBP Europe Holdings, Inc.",XBP EUROPE,False
"Y-mAbs Therapeutics, Inc.",Y MABS THERAPEUTICS,False
YERBAE BRANDS CORP.,YERBAE BRANDS,False
Yong Bai Chao New Retail Corp,YONG BAI CHAO NEW RETAIL,False
Yoshiharu Global Co.,YOSHIHARU GLOBAL,False
Yuenglings Ice Cream Corp,YUENGLINGS ICE CREAM,False
Zhanling International Ltd,ZHANLING INTERNATIONAL,False
